"pert_id","pert_iname"
"BRD-A19500257","geldanamycin"
"BRD-A19037878","trichostatin-a"
"BRD-K81418486","vorinostat"
"BRD-A75409952","wortmannin"
"BRD-A47494775","dipivefrine"
"BRD-A09925278","etilefrine"
"BRD-A18419789","etoposide"
"BRD-A13133631","fluorometholone"
"BRD-A16700644","isoxsuprine"
"BRD-A30435184","metergoline"
"BRD-A79672927","tropicamide"
"BRD-A18763547","BAX-channel-blocker"
"BRD-K06593056","LE-135"
"BRD-K12184916","NVP-BEZ235"
"BRD-K15318909","PRIMA1"
"BRD-K15563106","phloretin"
"BRD-K19295594","gossypol"
"BRD-K26664453","cytochalasin-b"
"BRD-K53414658","tivozanib"
"BRD-K54256913","MK-1775"
"BRD-K93176058","AC-55649"
"BRD-K95609758","BMS-191011"
"BRD-K96354014","nifedipine"
"BRD-A31107743","brefeldin-a"
"BRD-K56301217","ABT-737"
"BRD-K82746043","navitoclax"
"BRD-K88510285","bortezomib"
"BRD-K47983010","BX-795"
"BRD-K88544581","CI-976"
"BRD-K01976263","emetine"
"BRD-A68631409","evodiamine"
"BRD-K85606544","neratinib"
"BRD-K33583600","isoliquiritigenin"
"BRD-K67566344","KU-0063794"
"BRD-K39503511","quiflapon"
"BRD-K35960502","niclosamide"
"BRD-K48692744","NU-1025"
"BRD-K08589866","linsitinib"
"BRD-K92991072","PAC-1"
"BRD-K11853856","PJ-34"
"BRD-A56592690","PX-12"
"BRD-K02407574","parbendazole"
"BRD-K98548675","parthenolide"
"BRD-K01292756","pimozide"
"BRD-K21672174","RO-28-1675"
"BRD-A97437073","rosiglitazone"
"BRD-A35588707","teniposide"
"BRD-K51575138","TPCA-1"
"BRD-K87947369","tozasertib"
"BRD-K12994359","valdecoxib"
"BRD-K71799949","carbamazepine"
"BRD-A38030642","cyclosporin-a"
"BRD-K82135108","elesclomol"
"BRD-K14888893","minoxidil"
"BRD-A81541225","oligomycin-a"
"BRD-K88560311","rucaparib"
"BRD-K59184148","SB-216763"
"BRD-K12762134","XAV-939"
"BRD-K52075040","cerulenin"
"BRD-A13122391","triptolide"
"BRD-A71390734","idarubicin"
"BRD-K91623615","ABT-751"
"BRD-K70792160","10-DEBC"
"BRD-K28470988","L-690330"
"BRD-A45889380","mepacrine"
"BRD-K28360340","TW-37"
"BRD-K68185022","ursolic-acid"
"BRD-A69951442","dexamethasone"
"BRD-A69512159","carbidopa"
"BRD-K27721098","clopidogrel"
"BRD-A16998493","etodolac"
"BRD-K55070890","thiothixene"
"BRD-K41410256","balsalazide"
"BRD-A46179541","doxapram"
"BRD-K02130563","panobinostat"
"BRD-K56001384","antimycin-a"
"BRD-K29733039","deforolimus"
"BRD-K07881437","danusertib"
"BRD-K64881305","ispinesib"
"BRD-K31283835","tofacitinib"
"BRD-K74133369","oligomycin-a"
"BRD-A32161980","carbetocin"
"BRD-K63068307","ZSTK-474"
"BRD-K17743125","belinostat"
"BRD-K89839824","raltitrexed"
"BRD-K71823332","epothilone-a"
"BRD-K77175907","calcifediol"
"BRD-K40255344","tyrphostin-A9"
"BRD-K99369265","sirolimus"
"BRD-M64432851","sunitinib"
"BRD-K83988098","alvespimycin"
"BRD-K17823458","danoprevir"
"BRD-K08206212","entecavir"
"BRD-K77008974","WYE-354"
"BRD-A82307304","atorvastatin"
"BRD-K15502390","nevirapine"
"BRD-K34098590","tienilic-acid"
"BRD-K35573744","erbstatin-analog"
"BRD-K66788707","fludarabine"
"BRD-K93034159","cladribine"
"BRD-K03406345","azacitidine"
"BRD-K21680192","mitoxantrone"
"BRD-A62326914","paroxetine"
"BRD-A50157456","terbutaline"
"BRD-K55930204","phenytoin"
"BRD-A48631911","mibefradil"
"BRD-K71926323","marbofloxacin"
"BRD-K57886322","fluocinonide"
"BRD-K40645748","mefloquine"
"BRD-K53790871","triamcinolone"
"BRD-K92073408","norethisterone"
"BRD-A79237180","ascorbic-acid"
"BRD-A09722536","cyclophosphamide"
"BRD-K11905747","spectinomycin"
"BRD-K63828191","raloxifene"
"BRD-K83153774","mirtazapine"
"BRD-K10852020","tolcapone"
"BRD-K11433652","aspirin"
"BRD-K90543092","levonorgestrel"
"BRD-K08273968","griseofulvin"
"BRD-A79479878","testosterone"
"BRD-A04308630","genipin"
"BRD-A51382177","fosinopril"
"BRD-K44276885","acarbose"
"BRD-A88774919","doxycycline"
"BRD-K44497846","enalapril"
"BRD-A09472452","flecainide"
"BRD-K47869605","podophyllotoxin"
"BRD-K06335600","tizanidine"
"BRD-A91555231","norepinephrine"
"BRD-A29644307","nomifensine"
"BRD-A76019558","ketoconazole"
"BRD-K02123250","JNJ-38877605"
"BRD-K66043364","noscapine"
"BRD-K79131256","albendazole"
"BRD-K76723084","isotretinoin"
"BRD-A94793051","gestrinone"
"BRD-K67102207","phenylbutyrate"
"BRD-K81473089","tacrine"
"BRD-K94830329","ataluren"
"BRD-K86161929","cortisone"
"BRD-K63630713","etacrynic-acid"
"BRD-K36862742","hydroflumethiazide"
"BRD-A07440155","labetalol"
"BRD-K05395900","nicotine"
"BRD-K93880783","stavudine"
"BRD-K04389336","labetalol"
"BRD-K11558771","droxinostat"
"BRD-K70976396","cefoxitin"
"BRD-A17655518","ibuprofen"
"BRD-K43887077","dopamine"
"BRD-K77987382","mebendazole"
"BRD-A24228527","ofloxacin"
"BRD-K90027355","spironolactone"
"BRD-K06926592","tretinoin"
"BRD-A89585551","mefloquine"
"BRD-K47323024","methapyrilene"
"BRD-K88809146","tranylcypromine"
"BRD-K23714869","triamcinolone"
"BRD-A09056319","alfuzosin"
"BRD-K32821942","azathioprine"
"BRD-K72853990","bromocriptine"
"BRD-K52256627","chlorhexidine"
"BRD-K02680176","clofilium"
"BRD-A44008656","doxylamine"
"BRD-K12513978","fenbufen"
"BRD-K50388907","fenofibrate"
"BRD-M18219129","guanethidine"
"BRD-A75552914","isoxicam"
"BRD-K49384696","lincomycin"
"BRD-A82396632","miconazole"
"BRD-A26711594","nicardipine"
"BRD-K97752965","nicorandil"
"BRD-K75089421","procainamide"
"BRD-K63072637","pyrantel"
"BRD-K30816563","ranitidine"
"BRD-A29260609","acebutolol"
"BRD-K10598093","hexamethonium"
"BRD-K50406511","hycanthone"
"BRD-K05851096","lacidipine"
"BRD-K35559145","levomepromazine"
"BRD-K85090592","pilocarpine"
"BRD-A03061970","alizapride"
"BRD-K91966436","daunorubicin"
"BRD-K15933101","ropinirole"
"BRD-K45071273","tetracaine"
"BRD-K94848716","carbarsone"
"BRD-A84465106","nisoldipine"
"BRD-K88366685","trimetazidine"
"BRD-K73323637","levobunolol"
"BRD-K32793530","estriol"
"BRD-K67080878","milrinone"
"BRD-A58048407","nimodipine"
"BRD-K22901619","norgestimate"
"BRD-K42596464","oxolamine"
"BRD-A33447119","oxfendazole"
"BRD-A95939040","sertaconazole"
"BRD-K28026280","simvastatin"
"BRD-K90177246","tetroquinone"
"BRD-K63460351","toremifene"
"BRD-K64931368","aminocaproic-acid"
"BRD-K13240564","crotamiton"
"BRD-K40831222","latamoxef"
"BRD-K05111602","ramipril"
"BRD-K52313696","tacedinaline"
"BRD-K77908580","entinostat"
"BRD-K00627859","tubastatin-a"
"BRD-K02764265","methiazole"
"BRD-K93918653","quizartinib"
"BRD-K05804044","AZ-628"
"BRD-K63923597","barasertib"
"BRD-K57080016","selumetinib"
"BRD-K49810818","sorafenib"
"BRD-K64890080","BI-2536"
"BRD-K49328571","dasatinib"
"BRD-K52911425","GDC-0941"
"BRD-K07859598","GW-5074"
"BRD-K19687926","lapatinib"
"BRD-K04923131","GSK-3-inhibitor-IX"
"BRD-K79404599","enzastaurin"
"BRD-K68065987","MK-2206"
"BRD-K94294671","OSI-027"
"BRD-K97764662","PD-173074"
"BRD-K56343971","vemurafenib"
"BRD-A79768653","sirolimus"
"BRD-K40175214","torin-1"
"BRD-K07691486","roscovitine"
"BRD-K90382497","GW-843682X"
"BRD-K00337317","NU-7441"
"BRD-K59369769","tozasertib"
"BRD-K19540840","saracatinib"
"BRD-K87909389","alvocidib"
"BRD-K05104363","PD-184352"
"BRD-K20285085","fostamatinib"
"BRD-K92723993","imatinib"
"BRD-K50140147","NVP-TAE684"
"BRD-K78431006","crizotinib"
"BRD-K16478699","PLX-4720"
"BRD-K99616396","motesanib"
"BRD-K13390322","AT-7519"
"BRD-K49669041","BX-912"
"BRD-K83963101","MLN-8054"
"BRD-K99545815","PF-562271"
"BRD-K64800655","PHA-793887"
"BRD-K82091397","SB-239063"
"BRD-A45498368","WYE-125132"
"BRD-K13566078","BMS-345541"
"BRD-K51313569","palbociclib"
"BRD-K52751261","TAK-715"
"BRD-K76908866","CP-724714"
"BRD-K25311561","KU-55933"
"BRD-K68174511","torin-2"
"BRD-K01253243","SB-590885"
"BRD-K72420232","WZ-4002"
"BRD-K16189898","CHIR-99021"
"BRD-K64052750","gefitinib"
"BRD-K12343256","trametinib"
"BRD-K48488978","YM-201636"
"BRD-K42191735","buparlisib"
"BRD-K53972329","ruxolitinib"
"BRD-K37720887","SB-525334"
"BRD-K98333955","NVP-AEW541"
"BRD-K74065929","doramapimod"
"BRD-K03449891","foretinib"
"BRD-K02113016","olaparib"
"BRD-K74514084","pazopanib"
"BRD-K43389698","BMS-387032"
"BRD-K12040459","AT7867"
"BRD-K12502280","TG-101348"
"BRD-K87737963","CYT387"
"BRD-K42728290","NVP-BGJ398"
"BRD-K50168500","canertinib"
"BRD-K94176593","TWS-119"
"BRD-K49075727","nintedanib"
"BRD-A58280226","Y-27632"
"BRD-K81528515","nilotinib"
"BRD-A37704979","SB-203580"
"BRD-K07667918","linsitinib"
"BRD-K67868012","PI-103"
"BRD-K19477839","SGX523"
"BRD-K71035033","masitinib"
"BRD-A90451247","KU-60019"
"BRD-K73319509","PF-04217903"
"BRD-K59067695","SU-11274"
"BRD-K08799216","pelitinib"
"BRD-K44227013","ponatinib"
"BRD-K91900765","VX-745"
"BRD-K99749624","linifanib"
"BRD-K33379087","tivantinib"
"BRD-A21584801","brivanib"
"BRD-K03063480","PF-477736"
"BRD-K70511574","sunitinib"
"BRD-A41692738","TGX-221"
"BRD-A14966924","alaproclate"
"BRD-K35498378","alrestatin"
"BRD-A27554692","altrenogest"
"BRD-K59419204","AM-281"
"BRD-K98490050","amsacrine"
"BRD-K93188295","ARC-239"
"BRD-A72758037","asiatic-acid"
"BRD-K91290917","amodiaquine"
"BRD-K55424922","anpirtoline"
"BRD-A70514680","articaine"
"BRD-A80017228","bendroflumethiazide"
"BRD-K70327191","benzoxiquine"
"BRD-K49294207","BIBU-1361"
"BRD-K70914287","BIBX-1382"
"BRD-K56509348","BMS-182874"
"BRD-K84895041","BMY-45778"
"BRD-A55484088","BNTX"
"BRD-A68723818","brompheniramine"
"BRD-A22713669","BVT-948"
"BRD-A60274948","bromocriptine"
"BRD-A82238138","budesonide"
"BRD-A55369275","CGP-54626"
"BRD-K42500029","CGP-57380"
"BRD-K49049886","CGS-15943"
"BRD-K29458283","chlorambucil"
"BRD-K17075857","chloroxine"
"BRD-K89595132","chlorphenamine"
"BRD-K89997465","chlorpromazine"
"BRD-K67017579","cilostazol"
"BRD-K14693417","cinchonine"
"BRD-K30240666","clemastine"
"BRD-K54095730","CMPD-1"
"BRD-K23913458","coumarin"
"BRD-A64933752","CV-1808"
"BRD-K36055864","cycloheximide"
"BRD-A69815203","cyclosporin-a"
"BRD-K56429665","calcipotriol"
"BRD-A65440446","cimaterol"
"BRD-A47598013","citalopram"
"BRD-K17294426","clebopride"
"BRD-K09255212","clioquinol"
"BRD-K55677650","CO-101244"
"BRD-A62184259","cycloheximide"
"BRD-K43389675","daunorubicin"
"BRD-A17819071","gedunin"
"BRD-K08252256","diclofenac"
"BRD-A93236127","digitoxin"
"BRD-A94756469","digoxin"
"BRD-A65076780","dihydroergocristine"
"BRD-A52530684","doxorubicin"
"BRD-K99922388","DPO-1"
"BRD-K18518344","digitoxigenin"
"BRD-A99164655","dihydrexidine"
"BRD-A44701612","dihydroergocristine"
"BRD-A54845972","dihydroergotamine"
"BRD-K48722258","dilazep"
"BRD-K93441486","diphemanil"
"BRD-A76941896","doxorubicin"
"BRD-A25687296","emetine"
"BRD-A98431941","ephedrine"
"BRD-K39746403","erythromycin"
"BRD-K70301876","escitalopram"
"BRD-A16311756","profenamine"
"BRD-K32977963","eugenol"
"BRD-K64755930","etazolate"
"BRD-A30205217","ethotoin"
"BRD-A97104540","fenoterol"
"BRD-K66093087","FGIN-1-43"
"BRD-A15297126","fluocinonide"
"BRD-A31159102","fluoxetine"
"BRD-K77947974","fluspirilene"
"BRD-K11129031","gemfibrozil"
"BRD-K83023055","GR-135531"
"BRD-A90515964","guaifenesin"
"BRD-K39520573","GW-5074"
"BRD-A65767837","hydrocortisone"
"BRD-A07000685","hydrocortisone"
"BRD-A78303415","hyoscyamine"
"BRD-K29673530","hypericin"
"BRD-A48809242","IB-MECA"
"BRD-K65639003","icariin"
"BRD-K17894950","indirubin"
"BRD-K53959060","indirubin"
"BRD-A37432947","ipratropium"
"BRD-K47150025","KI-8751"
"BRD-K18036262","L-168049"
"BRD-K13211965","L-741742"
"BRD-A72711497","lasalocid"
"BRD-K08973992","linoleic-acid"
"BRD-K89152108","liothyronine"
"BRD-K74765201","tomelukast"
"BRD-K59332007","linopirdine"
"BRD-K59753853","MDL-29951"
"BRD-A50764878","MDL-73005EF"
"BRD-A09467419","mebeverine"
"BRD-K78126613","menadione"
"BRD-K91336023","mesulergine"
"BRD-K63430059","methoxsalen"
"BRD-K34685430","methylergometrine"
"BRD-A48237631","mitomycin-c"
"BRD-K68402494","ML-9"
"BRD-A33711280","metixene"
"BRD-K31542390","mycophenolic-acid"
"BRD-A85234536","N6-cyclopentyladenosine"
"BRD-K65146499","nabumetone"
"BRD-A02006392","nitrendipine"
"BRD-K12539581","nocodazole"
"BRD-A09349126","norethindrone"
"BRD-K03109492","NSC-663284"
"BRD-A83855350","naltrexone"
"BRD-K78485176","olmesartan"
"BRD-A68930007","ouabain"
"BRD-A46747628","ouabain"
"BRD-A43671941","oxprenolol"
"BRD-K50841342","PAC-1"
"BRD-K48735772","PD-158780"
"BRD-K55191674","benzylpenicillin"
"BRD-A48257147","PHCCC"
"BRD-K19227686","phenolphthalein"
"BRD-A97701745","pindolol"
"BRD-K25224017","pirenperone"
"BRD-A27887842","prednisolone"
"BRD-A55913614","primaquine"
"BRD-K46317332","proadifen"
"BRD-K19352500","prochlorperazine"
"BRD-K59273480","propentofylline"
"BRD-A70407468","PSB-36"
"BRD-A18043272","phensuximide"
"BRD-K96799727","pifithrin-mu"
"BRD-K67100011","pivmecillinam"
"BRD-K50836978","purvalanol-a"
"BRD-K41564320","purvalanol-b"
"BRD-A34255068","rolipram"
"BRD-K20742498","RS-39604"
"BRD-A92585442","RU-28318"
"BRD-K51465424","ritodrine"
"BRD-K06543683","bisindolylmaleimide-ix"
"BRD-K58299615","RO-90-7501"
"BRD-K27141178","SB-203186"
"BRD-K36395411","SB-206553"
"BRD-A06352508","SB-218078"
"BRD-K80639402","SB-258585"
"BRD-K91904471","SD-169"
"BRD-A58564983","selamectin"
"BRD-K79759585","sildenafil"
"BRD-A72703248","SKF-96365"
"BRD-K79905821","gabazine"
"BRD-A81772229","simvastatin"
"BRD-A33168282","sotalol"
"BRD-K27710560","splitomycin"
"BRD-K93645900","tadalafil"
"BRD-A06352418","terfenadine"
"BRD-A55393291","testosterone"
"BRD-A37780065","triamcinolone"
"BRD-A30717181","triamcinolone"
"BRD-K80431395","triciribine"
"BRD-K63675182","triflupromazine"
"BRD-A49225603","alimemazine"
"BRD-A19195498","trimipramine"
"BRD-K99621550","tubocurarine"
"BRD-K04210847","tamoxifen"
"BRD-K95739795","tetrabenazine"
"BRD-A52660433","tetrindole"
"BRD-A53077924","tianeptine"
"BRD-K84663978","trequinsin"
"BRD-K20995441","U-54494A"
"BRD-A11678676","wortmannin"
"BRD-K44084986","Y-27632"
"BRD-K06712146","YM-90709"
"BRD-K40624912","ZM-39923"
"BRD-K47207162","zimelidine"
"BRD-K48300629","zonisamide"
"BRD-K77830450","forskolin"
"BRD-A84481105","thioridazine"
"BRD-K56231354","triprolidine"
"BRD-K87343924","wortmannin"
"BRD-K53979406","ALX-5407"
"BRD-A65145453","ATPA"
"BRD-A60197193","amisulpride"
"BRD-A84493640","atovaquone"
"BRD-K55344148","BU-224"
"BRD-A55946879","BW-B70C"
"BRD-K97688263","benzamil"
"BRD-A15070535","bucladesine"
"BRD-A34299591","budesonide"
"BRD-K41707108","ceramide"
"BRD-K40901640","cinanserin"
"BRD-K53263234","CITCO"
"BRD-A26787626","cyclopiazonic-acid"
"BRD-A41555725","chlortetracycline"
"BRD-K43736954","cortisone"
"BRD-K42095107","daidzein"
"BRD-K61269089","daphnetin"
"BRD-A18620900","estriol"
"BRD-A37959677","estrone"
"BRD-A02367930","ethinyl-estradiol"
"BRD-K40227168","vinburnine"
"BRD-A61392169","eliprodil"
"BRD-K51095933","estropipate"
"BRD-K61951118","FG-7142"
"BRD-K50891186","GR-103691"
"BRD-A49148672","galantamine"
"BRD-K67783091","haloperidol"
"BRD-K99946902","hexylresorcinol"
"BRD-A09539288","homatropine"
"BRD-A66435872","HTMT"
"BRD-A46186775","hydrocortisone"
"BRD-A22769835","homochlorcyclizine"
"BRD-A37492983","iocetamic-acid"
"BRD-K90574421","ipsapirone"
"BRD-A90799790","isradipine"
"BRD-K02867583","minaprine"
"BRD-K03319035","maprotiline"
"BRD-A83937277","mephenytoin"
"BRD-A45543382","metrizamide"
"BRD-K46862739","metyrapone"
"BRD-K66404838","nalbuphine"
"BRD-K02953697","naringin"
"BRD-K53123955","niridazole"
"BRD-A19736161","ondansetron"
"BRD-A44448661","pentobarbital"
"BRD-A67479912","progesterone"
"BRD-K13571841","pepstatin"
"BRD-K47936004","piribedil"
"BRD-A54490543","pirlindole"
"BRD-A59303141","quinethazone"
"BRD-K54665485","R-59022"
"BRD-K83063356","RS-102895"
"BRD-A65597028","RX-821002"
"BRD-K51541829","RO-25-6981"
"BRD-K52512893","SC-19220"
"BRD-K55748775","SCH-28080"
"BRD-A75769826","SDM25N"
"BRD-A52588987","SKF-83566"
"BRD-A72066420","mifobate"
"BRD-A36217750","sulfinpyrazone"
"BRD-A77299732","salubrinal"
"BRD-K50495309","SRC-kinase-inhibitor-I"
"BRD-K81376179","TCS-359"
"BRD-A92439610","triamcinolone"
"BRD-K11742128","triprolidine"
"BRD-A92670106","tocainide"
"BRD-A60294240","tribenoside"
"BRD-A79226577","tropisetron"
"BRD-K48427617","U-0124"
"BRD-A62021152","WAY-161503"
"BRD-K55430733","WAY-629"
"BRD-K48059230","YM-298198"
"BRD-K35586044","yohimbine"
"BRD-K80451230","zamifenacin"
"BRD-K55127134","fluphenazine"
"BRD-K41445866","alfaxalone"
"BRD-A04706586","bucladesine"
"BRD-K50417881","eticlopride"
"BRD-A74975734","homatropine"
"BRD-A85472596","L-670596"
"BRD-K88789588","letrozole"
"BRD-A62057054","MDL-11939"
"BRD-K62056274","quipazine"
"BRD-A80213327","NSC-23766"
"BRD-A93477898","PETCM"
"BRD-K40782193","QX-222"
"BRD-K82846253","repaglinide"
"BRD-K30480208","torasemide"
"BRD-K09778810","FGIN-1-27"
"BRD-K38436528","imipramine"
"BRD-A44090213","indoprofen"
"BRD-A24514565","warfarin"
"BRD-K49657628","tyrphostin-AG-18"
"BRD-K34533029","tyrphostin-AG-494"
"BRD-K68336408","tyrphostin-AG-1478"
"BRD-K47105409","AG-490"
"BRD-K89055274","alverine"
"BRD-K21667562","AM-404"
"BRD-A36010170","amcinonide"
"BRD-K17561142","amiodarone"
"BRD-A22032524","amlodipine"
"BRD-K23335153","AMN-082"
"BRD-K62200014","anagrelide"
"BRD-K78280988","anandamide"
"BRD-A42649439","triciribine"
"BRD-K12057390","apigenin"
"BRD-K03642198","AY-9944"
"BRD-K36258877","AZ-10417808"
"BRD-K07762753","aminopurvalanol-a"
"BRD-K39670393","amthamine"
"BRD-K91370081","anisomycin"
"BRD-K72726508","arcyriaflavin-a"
"BRD-K75615183","talipexole"
"BRD-K87158025","benzamil"
"BRD-K39987650","bisacodyl"
"BRD-K39120595","bithionol"
"BRD-K31054881","BMY-7378"
"BRD-K07507905","BRL-37344"
"BRD-K17868609","BRL-54443"
"BRD-K47631482","bromhexine"
"BRD-A41995253","brucine"
"BRD-K11696279","BU-239"
"BRD-A15931911","bucladesine"
"BRD-A60571864","budesonide"
"BRD-A16665823","butoconazole"
"BRD-A68891053","BW-B70C"
"BRD-K59574735","ubenimex"
"BRD-A17065207","brefeldin-a"
"BRD-K74913225","brinzolamide"
"BRD-A69960130","bromocriptine"
"BRD-A65671304","candesartan"
"BRD-A98702003","carbenoxolone"
"BRD-K02637541","celecoxib"
"BRD-A50737080","CGK-733"
"BRD-K95851186","CGP-13501"
"BRD-K32292990","CGP-53353"
"BRD-K31912990","CGP-71683"
"BRD-K65786282","CGP-7930"
"BRD-A26032986","zaldaride"
"BRD-K28183345","proguanil"
"BRD-K59058766","chlorprothixene"
"BRD-A93000692","ciglitazone"
"BRD-K45252063","clofibrate"
"BRD-K29950728","clomifene"
"BRD-K98530306","clonidine"
"BRD-A55416093","colforsin"
"BRD-A54487287","cortisone"
"BRD-K81876028","CP-93129"
"BRD-K08547377","irinotecan"
"BRD-K57179821","crotamiton"
"BRD-K84709232","caffeic-acid"
"BRD-A30437061","camptothecin"
"BRD-K44849676","capsazepine"
"BRD-K82484965","carmoxirole"
"BRD-K87932577","CDK1-5-inhibitor"
"BRD-K71059170","cefixime"
"BRD-K50422030","clomethiazole"
"BRD-A90311807","cilastatin"
"BRD-K18618618","cimetidine"
"BRD-K72816382","cinalukast"
"BRD-A82371568","clofarabine"
"BRD-A10420615","cyclopiazonic-acid"
"BRD-A73909368","dactinomycin"
"BRD-A92537424","danazol"
"BRD-A39255369","DCPIB"
"BRD-A10188456","dexamethasone"
"BRD-A93424738","dexamethasone"
"BRD-K22031190","diflunisal"
"BRD-A29734509","disopyramide"
"BRD-K38305202","domperidone"
"BRD-A68009927","daunorubicin"
"BRD-K98521173","desoxycortone"
"BRD-K47635719","dexamethasone"
"BRD-K18619710","digoxigenin"
"BRD-K23478508","digoxin"
"BRD-K01663662","diphenidol"
"BRD-K65814004","diphenyleneiodonium"
"BRD-A78322124","dobutamine"
"BRD-K36616567","doxepin"
"BRD-K92093830","doxorubicin"
"BRD-K06221026","DUP-697"
"BRD-A96485169","EBPC"
"BRD-K57545991","enalapril"
"BRD-K42452249","EO-1428"
"BRD-K11927976","ER-27319"
"BRD-K14920963","erythrosine"
"BRD-A18917088","estradiol"
"BRD-A23226398","estradiol"
"BRD-A36066264","estradiol-benzoate"
"BRD-A39747742","estradiol-valerate"
"BRD-A41519720","ezetimibe"
"BRD-K86727142","embelin"
"BRD-A99411506","esculin"
"BRD-K48367671","febuxostat"
"BRD-K17896185","FIT"
"BRD-K44067360","flufenamic-acid"
"BRD-K29582677","flunarizine"
"BRD-A80641450","FR-139317"
"BRD-K76617868","fasudil"
"BRD-K99107520","felbamate"
"BRD-A50684349","fenoldopam"
"BRD-K47639036","flavoxate"
"BRD-K53987533","fluphenazine"
"BRD-K00824317","fludroxycortide"
"BRD-K67445247","flurofamide"
"BRD-M00539986","formoterol"
"BRD-K09602097","forskolin"
"BRD-K03015355","forskolin"
"BRD-K18059238","gamma-linolenic-acid"
"BRD-K92015269","GBR-12783"
"BRD-K32501161","vanoxerine"
"BRD-K11634954","GBR-13069"
"BRD-K51662849","ilomastat"
"BRD-K49945136","GR-113808"
"BRD-K11911061","GR-127935"
"BRD-K75478907","GS-39783"
"BRD-K67860401","AR-A014418"
"BRD-K33818169","GW-3965"
"BRD-K04146668","GW-441756"
"BRD-K79930101","GW-583340"
"BRD-A72596465","GW-6471"
"BRD-K49890030","gavestinel"
"BRD-K42693031","glimepiride"
"BRD-K80396088","gliquidone"
"BRD-K27737647","H-89"
"BRD-K77793136","hydroxyfasudil"
"BRD-K05434375","HA-1004"
"BRD-K81709173","halcinonide"
"BRD-K38903228","hesperidin"
"BRD-K76674262","homoharringtonine"
"BRD-K40530731","hyoscyamine"
"BRD-K73290745","ICI-199441"
"BRD-K14618467","IKK-16"
"BRD-K74305673","IKK-2-inhibitor-V"
"BRD-K25906698","immepip"
"BRD-K49519092","immethridine"
"BRD-K51918615","iodophenpropit"
"BRD-A05352148","ipratropium"
"BRD-K95676198","JAK3-inhibitor-V"
"BRD-K22010301","JLK-6"
"BRD-K43330982","JTE-013"
"BRD-K17743697","KB-R7943"
"BRD-A97739905","ketoprofen"
"BRD-A40639672","ketorolac"
"BRD-K28936863","ketotifen"
"BRD-A54927599","KF-38789"
"BRD-K37312348","kenpaullone"
"BRD-K49671696","ketanserin"
"BRD-A43930669","L-368899"
"BRD-K14765469","vesamicol"
"BRD-A28422058","L-689560"
"BRD-K10176267","L-701252"
"BRD-K08109516","L-701324"
"BRD-K15791587","L-733060"
"BRD-K39915878","loxapine"
"BRD-A92826379","lupanine"
"BRD-K24526313","levcromakalim"
"BRD-K28137194","loreclezole"
"BRD-K62289640","lylamine"
"BRD-K25433859","maprotiline"
"BRD-A17453586","MDL-72832"
"BRD-A20126139","medrysone"
"BRD-K92778217","mefenamic-acid"
"BRD-K12244279","MEK1-2-inhibitor"
"BRD-A94709349","metaxalone"
"BRD-A31521121","methocarbamol"
"BRD-K35941380","methysergide"
"BRD-K60230970","MG-132"
"BRD-A79981887","midodrine"
"BRD-K06902185","minoxidil"
"BRD-A31204924","mitotane"
"BRD-K63151507","MNITMT"
"BRD-K90524085","MY-5445"
"BRD-K92428153","mycophenolate-mofetil"
"BRD-A66563878","medetomidine"
"BRD-K92984783","melperone"
"BRD-A98725278","methysergide"
"BRD-K94441233","mevastatin"
"BRD-K09549677","mibefradil"
"BRD-K37270826","mifepristone"
"BRD-A64977602","mirtazapine"
"BRD-K10042277","desmethylclozapine"
"BRD-A66559694","naltrexone"
"BRD-K69195780","NAN-190"
"BRD-A78877355","nefopam"
"BRD-K76810206","nicergoline"
"BRD-K85015012","NNC-05-2090"
"BRD-K78122587","NNC-55-0396"
"BRD-K06753942","nobiletin"
"BRD-K88625236","nonoxynol-9"
"BRD-A39415247","norethisterone"
"BRD-K91263825","nortriptyline"
"BRD-K37392901","NSC-632839"
"BRD-A94413429","NTNCB"
"BRD-K09537769","NU-7026"
"BRD-A36267905","buphenine"
"BRD-A41833852","naloxone"
"BRD-A82656074","naltrindole"
"BRD-K90789829","nefazodone"
"BRD-K76775527","nimesulide"
"BRD-K63165456","norcyclobenzaprine"
"BRD-A51393488","noscapine"
"BRD-K26015241","ODQ"
"BRD-A41112154","oleanolic-acid"
"BRD-A39522003","OMDM-2"
"BRD-A53576514","orphenadrine"
"BRD-K52075715","oxibendazole"
"BRD-K59037100","oxybenzone"
"BRD-K82731415","olomoucine"
"BRD-K86958018","olvanil"
"BRD-K83597974","pargyline"
"BRD-A89337244","PD-102807"
"BRD-K12079898","PD-160170"
"BRD-K88677950","PD-198306"
"BRD-K15409150","penfluridol"
"BRD-A70268693","PG-9"
"BRD-K38323065","phenacetin"
"BRD-K76304753","phenazopyridine"
"BRD-K74112339","acetohydroxamic-acid"
"BRD-K97365803","PI-828"
"BRD-K91509126","piceatannol"
"BRD-K26801045","pipamperone"
"BRD-K59522102","piperine"
"BRD-K13646352","midostaurin"
"BRD-K47598052","PP-1"
"BRD-K95785537","PP-2"
"BRD-K00312224","PPT"
"BRD-K67537649","PQ-401"
"BRD-A62525898","prednisone"
"BRD-A35912562","pregnenolone"
"BRD-K72029282","probucol"
"BRD-K06980535","promazine"
"BRD-K42098891","protriptyline"
"BRD-K10177585","PSB-11"
"BRD-A28970875","puromycin"
"BRD-K88429204","pyrimethamine"
"BRD-K26241953","piceatannol"
"BRD-K73397362","purmorphamine"
"BRD-K36007650","puromycin"
"BRD-K80970344","pyrrolidine-dithiocarbamate"
"BRD-K77925998","quipazine"
"BRD-K56596464","QX-314"
"BRD-K97399794","quercetin"
"BRD-K70505054","ranitidine"
"BRD-K95921201","reserpine"
"BRD-K85603128","resorcinol"
"BRD-K82941592","rosuvastatin"
"BRD-K87048468","RS-102221"
"BRD-K80725821","RS-16566"
"BRD-K76840893","RS-17053"
"BRD-K25591257","resveratrol"
"BRD-A63346720","rimcazole"
"BRD-K00486786","RO-08-2750"
"BRD-K80778372","RO-19-4605"
"BRD-K06426971","ryuvidine"
"BRD-K14965640","ibuprofen"
"BRD-K54330070","SB-202190"
"BRD-K30867024","SB-216641"
"BRD-K24201553","SB-269970"
"BRD-K76805682","SB-415286"
"BRD-K67298865","SB-431542"
"BRD-K26373640","IKK-2-inhibitor"
"BRD-K81225797","SCH-58261"
"BRD-A82590476","SDZ-NKT-343"
"BRD-K82036761","sertraline"
"BRD-K67439147","SIB-1893"
"BRD-K22134346","simvastatin"
"BRD-K96809896","SKF-86002"
"BRD-A49046702","SKF-89976A"
"BRD-K96720755","relcovaptan"
"BRD-K60487568","SU-4312"
"BRD-A70649075","sulconazole"
"BRD-A10715913","sulpiride"
"BRD-A24122750","saclofen"
"BRD-K09963420","saquinavir"
"BRD-K22503835","scriptaid"
"BRD-K35708212","ouabain"
"BRD-K31843556","T-0070907"
"BRD-K23383398","T-0901317"
"BRD-K69608737","tacrolimus"
"BRD-K00603606","ticlopidine"
"BRD-K51350053","toremifene"
"BRD-K70778732","trazodone"
"BRD-K41731458","triclosan"
"BRD-A98378129","talniflumate"
"BRD-A23723433","paclitaxel"
"BRD-A85424553","thioperamide"
"BRD-K95763993","trapidil"
"BRD-A83859836","tropisetron"
"BRD-K17415526","tyrphostin-AG-835"
"BRD-K70281171","U-99194"
"BRD-K18787491","U-0126"
"BRD-A14574269","UB-165"
"BRD-K50325075","UCL-2077"
"BRD-A51714012","venlafaxine"
"BRD-A55594068","vinblastine"
"BRD-A22783572","vinblastine"
"BRD-A76528577","vincristine"
"BRD-K53318339","vinpocetine"
"BRD-K36198571","WAY-170523"
"BRD-K42748308","XE-991"
"BRD-K21565985","xylazine"
"BRD-K94832621","Y-134"
"BRD-K64157027","ZD-2079"
"BRD-K05151076","ZK-164015"
"BRD-K33882852","ZK-93423"
"BRD-K67831364","ZM-323881"
"BRD-K66353228","zoxazolamine"
"BRD-K26134695","calpeptin"
"BRD-A94624445","bucladesine"
"BRD-A90490067","fulvestrant"
"BRD-K89732114","trifluoperazine"
"BRD-K05906022","limonin"
"BRD-K78294846","osthol"
"BRD-K12357156","AG-490"
"BRD-A00993607","alprenolol"
"BRD-K92000912","AM-251"
"BRD-K63533170","AM-630"
"BRD-K70330367","amantadine"
"BRD-K43068349","AMG-9810"
"BRD-K53737926","amitriptyline"
"BRD-K81729199","AQ-RA741"
"BRD-K56558538","ambroxol"
"BRD-K52397688","amperozide"
"BRD-K15164005","apoptosis-activator-II"
"BRD-K36864847","BD-1047"
"BRD-K29668683","BD-1063"
"BRD-A02180903","betamethasone"
"BRD-A92177080","betamethasone"
"BRD-A29485665","bicalutamide"
"BRD-K45479396","BP-554"
"BRD-A51829654","BRL-15572"
"BRD-A37347161","BRL-52537"
"BRD-K38197229","bumetanide"
"BRD-K93461745","buspirone"
"BRD-A17428743","BW-723C86"
"BRD-K14993104","bemegride"
"BRD-K79425933","benperidol"
"BRD-K39188321","betamethasone"
"BRD-A36471396","biperiden"
"BRD-K17497770","butein"
"BRD-K02404261","caffeine"
"BRD-A29426959","carbinoxamine"
"BRD-A10977446","carvedilol"
"BRD-K06159959","CCMQ"
"BRD-K64341947","CFM-1571"
"BRD-A35623999","CGP-37157"
"BRD-A81866333","CGS-21680"
"BRD-K67680372","CI-966"
"BRD-K34157611","cimetidine"
"BRD-K00662280","CL-218872"
"BRD-K33860217","CP-94253"
"BRD-A63043573","cabergoline"
"BRD-K86882815","cabergoline"
"BRD-A07875874","cilnidipine"
"BRD-K28578425","cilostamide"
"BRD-K54142781","cirazoline"
"BRD-K06895174","cisapride"
"BRD-K71430621","clobenpropit"
"BRD-K04218075","clomifene"
"BRD-K52989797","clomipramine"
"BRD-K37289225","clozapine"
"BRD-A64290322","cyclosporin-a"
"BRD-K13533483","cyclosporin-a"
"BRD-K09132007","D-4476"
"BRD-K10065684","dantron"
"BRD-K31633810","DAU-5884"
"BRD-K68558722","deracoxib"
"BRD-K60762818","desipramine"
"BRD-A49447682","desoximetasone"
"BRD-K24053527","dextromethorphan"
"BRD-K95309561","dienestrol"
"BRD-K45542189","diethylcarbamazine"
"BRD-A69636825","diltiazem"
"BRD-K89274813","DMP-543"
"BRD-K31699485","DMEOB"
"BRD-K97158071","droperidol"
"BRD-K71103788","duloxetine"
"BRD-A20243730","danazol"
"BRD-K33211335","dextromethorphan"
"BRD-K24023109","diltiazem"
"BRD-K54759182","dosulepin"
"BRD-K54462405","doxepin"
"BRD-K47192521","icosapent"
"BRD-K47659338","EMD-386088"
"BRD-K88759641","EMD-66684"
"BRD-K76534306","enrofloxacin"
"BRD-K63550407","erythromycin"
"BRD-A22143024","estropipate"
"BRD-A73741725","exemestane"
"BRD-K39339537","epirizole"
"BRD-K63979671","etifenin"
"BRD-K78633253","EXO-1"
"BRD-K45033733","famciclovir"
"BRD-K51318897","fenbendazole"
"BRD-A73368467","fexofenadine"
"BRD-K83508485","FK-888"
"BRD-K05977355","fluconazole"
"BRD-A01346607","flumetasone"
"BRD-A65449987","flunisolide"
"BRD-A49765801","fludroxycortide"
"BRD-K28307902","flutamide"
"BRD-K66296774","fluvastatin"
"BRD-A30815329","felodipine"
"BRD-K28168037","fenretinide"
"BRD-K34170797","fexaramine"
"BRD-K01095011","finasteride"
"BRD-K98769987","flumazenil"
"BRD-K61496577","flumetasone"
"BRD-K12184470","flunarizine"
"BRD-K49577446","flunisolide"
"BRD-K72676686","fluvoxamine"
"BRD-K50135270","GBR-12935"
"BRD-K52394958","GR-159897"
"BRD-A15415227","GW-1929"
"BRD-A38898897","GW-311616"
"BRD-K96263742","GW-7647"
"BRD-K93258693","GW-9662"
"BRD-K93280214","gabazine"
"BRD-K59256312","gabexate"
"BRD-A36151937","genistein"
"BRD-A00267231","hemado"
"BRD-A75172220","hydrocortisone"
"BRD-A25143711","hydrocortisone"
"BRD-K92726801","hydrastinine"
"BRD-A03359064","ICI-89406"
"BRD-A07029265","ipratropium"
"BRD-A54029483","IRL-2500"
"BRD-A48570745","ivermectin"
"BRD-K48869804","icilin"
"BRD-K19136521","indirubin"
"BRD-K15086322","JNJ-10191584"
"BRD-K63150726","JTE-907"
"BRD-A81177136","KN-62"
"BRD-K93480852","KN-93"
"BRD-K40656405","L-165041"
"BRD-K81029756","diltiazem"
"BRD-K52662033","lidocaine"
"BRD-K09416995","lovastatin"
"BRD-K10207760","lasalocid"
"BRD-K78692225","leflunomide"
"BRD-K62996583","lidoflazine"
"BRD-K03384561","roquinimex"
"BRD-K61250553","loperamide"
"BRD-K67013324","luzindole"
"BRD-A84174393","meloxicam"
"BRD-K18194590","mephentermine"
"BRD-A61793559","metolazone"
"BRD-A03623303","metoprolol"
"BRD-A64092382","mexiletine"
"BRD-A16332958","modafinil"
"BRD-A30590053","MR-16728"
"BRD-K37618799","MRS-1220"
"BRD-K56515112","medrysone"
"BRD-K65417056","meprylcaine"
"BRD-K56699285","metergoline"
"BRD-A19661776","mianserin"
"BRD-A44780397","mifepristone"
"BRD-A65280694","molindone"
"BRD-K35531059","molsidomine"
"BRD-K60640630","mometasone"
"BRD-A87606379","nadolol"
"BRD-A67862938","naftidrofuryl"
"BRD-A70461345","naloxone"
"BRD-A67433117","NCS-382"
"BRD-A00758722","noretynodrel"
"BRD-A04756508","norgestimate"
"BRD-A47633927","NPC-15199"
"BRD-K13169950","NSC-3852"
"BRD-K74141488","naftifine"
"BRD-A66927094","nemonapride"
"BRD-K28453807","nitrocaramiphen"
"BRD-K80334323","noretynodrel"
"BRD-K35189033","levonorgestrel"
"BRD-A55962179","omeprazole"
"BRD-A42759514","ornidazole"
"BRD-K66019333","oxantel"
"BRD-K16195444","oxymetazoline"
"BRD-K53061490","ozagrel"
"BRD-A28746609","paclitaxel"
"BRD-A22380646","pantoprazole"
"BRD-K40992116","parachlorophenol"
"BRD-K37991163","paroxetine"
"BRD-A29289453","PCA-4248"
"BRD-A75478957","PD-166793"
"BRD-K57718010","pentylenetetrazol"
"BRD-K60770992","pergolide"
"BRD-K92731339","perindopril"
"BRD-K10995081","perphenazine"
"BRD-A67799922","phenoxybenzamine"
"BRD-K10843433","phenylbutazone"
"BRD-A43882281","pinacidil"
"BRD-K94689771","pinocembrin"
"BRD-A48430263","pioglitazone"
"BRD-A57382968","piroxicam"
"BRD-K43978949","PIT"
"BRD-K75958195","pizotifen"
"BRD-A41451487","PK-11195"
"BRD-K71731651","PNU-120596"
"BRD-A21858158","praziquantel"
"BRD-K49111258","prazosin"
"BRD-K57304726","PRE-084"
"BRD-A01643550","prednisolone"
"BRD-A78391468","prednisolone"
"BRD-K32247306","primidone"
"BRD-A26334849","propafenone"
"BRD-K71266197","PSB-06126"
"BRD-K97564742","mepyramine"
"BRD-K11399644","phenformin"
"BRD-K66874953","pifithrin-alpha"
"BRD-K16277217","piperacetazine"
"BRD-K87990216","piretanide"
"BRD-A22684332","procaterol"
"BRD-K64994968","progesterone"
"BRD-K77171813","proxyfan"
"BRD-K68867920","quetiapine"
"BRD-K59632282","quinidine"
"BRD-K70799801","quinidine"
"BRD-K15588452","R-96544"
"BRD-A97674275","ranolazine"
"BRD-K40887525","ritanserin"
"BRD-K26160755","RS-45041-190"
"BRD-K87510569","RS-504393"
"BRD-K20714604","RS-56812"
"BRD-K00234327","RU-24969"
"BRD-A29437505","RWJ-21757"
"BRD-A08187463","racecadotril"
"BRD-K14204120","ranitidine"
"BRD-A43974499","reboxetine"
"BRD-A36074203","remacemide"
"BRD-K21283037","riluzole"
"BRD-K31627533","rimexolone"
"BRD-A49370193","RO-60-0175"
"BRD-K20313525","rosmarinic-acid"
"BRD-K05901394","terguride"
"BRD-K64614248","salicin"
"BRD-K77677632","SB-200646"
"BRD-A22707317","SB-205384"
"BRD-K61323504","SB-225002"
"BRD-K59331372","SB-366791"
"BRD-K53913732","SB-408124"
"BRD-K05361803","SC-10"
"BRD-K25875056","SC-9"
"BRD-K45435259","SCH-23390"
"BRD-K15601958","SEW-2871"
"BRD-K98157055","SIB-1757"
"BRD-A09828896","SKF-81297"
"BRD-K01567962","pyrazolanthrone"
"BRD-A56987319","SQ-22536"
"BRD-K35430135","SR-59230A"
"BRD-A09094913","strychnine"
"BRD-K20287671","SU-4312"
"BRD-A01320529","salmeterol"
"BRD-A25775766","securinine"
"BRD-K50859149","sulfafurazole"
"BRD-K42635745","suloctidil"
"BRD-K63516691","T-0156"
"BRD-K93754473","tamoxifen"
"BRD-K73999723","telmisartan"
"BRD-K51805276","temefos"
"BRD-A48720949","testosterone"
"BRD-K09631521","thiotepa"
"BRD-K97309399","thiothixene"
"BRD-K64514229","toltrazuril"
"BRD-K34415467","trimethobenzamide"
"BRD-K57033106","tripelennamine"
"BRD-K68246049","TTNPB"
"BRD-K43744935","tamoxifen"
"BRD-A87479750","tenidap"
"BRD-K90553655","testosterone"
"BRD-K69600043","thiethylperazine"
"BRD-K08619574","thioproperazine"
"BRD-K20141153","atomoxetine"
"BRD-K34154330","tracazolate"
"BRD-K19533706","tranilast"
"BRD-K69837166","trap-101"
"BRD-K08619838","tremorine"
"BRD-K77554836","triamcinolone"
"BRD-A81795050","U-18666A"
"BRD-A45499626","UBP-302"
"BRD-K45158365","valsartan"
"BRD-A60414806","vincristine"
"BRD-M45964048","verteporfin"
"BRD-K88358234","xaliproden"
"BRD-A44133049","azasetron"
"BRD-K06208435","YS-035"
"BRD-K68392338","ZK-93426"
"BRD-K19605405","ZM-241385"
"BRD-K41337261","ZM-306416"
"BRD-K54314721","zolmitriptan"
"BRD-K12516989","zaprinast"
"BRD-K92446736","zatebradine"
"BRD-K28761384","zuclopenthixol"
"BRD-K70487031","flupentixol"
"BRD-A31801025","formestane"
"BRD-A62071884","siguazodan"
"BRD-K87919739","tyrphostin-AG-825"
"BRD-K67043667","altretamine"
"BRD-K02265150","amoxapine"
"BRD-K45861246","azaperone"
"BRD-K97181089","amiloride"
"BRD-A80151636","bromocriptine"
"BRD-K68103045","CGS-20625"
"BRD-K08890269","CO-102862"
"BRD-K45330754","diethylstilbestrol"
"BRD-K94080537","diethyltoluamide"
"BRD-K10974103","diloxanide"
"BRD-A49160188","donepezil"
"BRD-K37694030","doxepin"
"BRD-K81272440","dantrolene"
"BRD-A51820102","econazole"
"BRD-K17016787","estriol"
"BRD-K34034388","GBR-12783"
"BRD-K10705233","GW-405833"
"BRD-K64245000","GW-4064"
"BRD-K39733634","L-161982"
"BRD-A30655177","LFM-A13"
"BRD-K33396764","alpha-linolenic-acid"
"BRD-K76205745","losartan"
"BRD-A85587465","bemesetron"
"BRD-K50398167","meclofenamic-acid"
"BRD-A78377521","monastrol"
"BRD-K21548250","moracizine"
"BRD-K77641333","naphazoline"
"BRD-K47717570","NBQX"
"BRD-A35338386","NECA"
"BRD-K36009368","NNC-63-0532"
"BRD-A36318220","necrostatin-1"
"BRD-K19525698","ozagrel"
"BRD-A97479839","piperidolate"
"BRD-K68095457","palmitoylethanolamide"
"BRD-K46137903","prednicarbate"
"BRD-K26521938","dinoprostone"
"BRD-K21733600","rofecoxib"
"BRD-A63546914","RO-04-5595"
"BRD-K98143437","SB-239063"
"BRD-K14767410","SC-560"
"BRD-A64227845","SKF-77434"
"BRD-A34205397","suloctidil"
"BRD-A22844106","tenoxicam"
"BRD-K77695569","tiabendazole"
"BRD-K86204871","terconazole"
"BRD-A11605036","thiocolchicoside"
"BRD-A09533288","verapamil"
"BRD-K45117373","Y-26763"
"BRD-K45296539","ZD-7114"
"BRD-K37561857","zardaverine"
"BRD-K08996725","zolantidine"
"BRD-K18910433","estradiol"
"BRD-K46384212","o-3M3FBS"
"BRD-A34907681","rutin"
"BRD-K76064317","tyrphostin-AG-1296"
"BRD-A11813248","AM-92016"
"BRD-K46937689","phenazone"
"BRD-K00610438","altanserin"
"BRD-K88611939","aniracetam"
"BRD-A16694057","bisphenol-a"
"BRD-K21450440","benzthiazide"
"BRD-K46018455","bezafibrate"
"BRD-A89175223","bisoprolol"
"BRD-K94379058","BML-190"
"BRD-A05186015","bupropion"
"BRD-A15131297","benazepril"
"BRD-K18779551","bifemelane"
"BRD-K89210380","biotin"
"BRD-A17411484","carprofen"
"BRD-A89672324","CGP-55845"
"BRD-A18202423","CPCCOEt"
"BRD-K19111024","clofibric-acid"
"BRD-A39290993","cyproterone"
"BRD-K06014311","DH-97"
"BRD-K16508793","diazepam"
"BRD-K68507560","dicycloverine"
"BRD-K22193694","dioxybenzone"
"BRD-K86301799","dipyridamole"
"BRD-K85266041","DNQX"
"BRD-K80315159","DPPE"
"BRD-K48970916","danazol"
"BRD-K71499074","diclofenamide"
"BRD-K97440753","dihydroergocristine"
"BRD-K41713976","E-4031"
"BRD-A88080608","equilin"
"BRD-K51677086","erythromycin"
"BRD-A91452556","estradiol-cypionate"
"BRD-A54880345","etomidate"
"BRD-A50675702","fipronil"
"BRD-A13650332","flucloxacillin"
"BRD-K12219985","glipizide"
"BRD-K12120659","GR-144053"
"BRD-K40578143","GR-79236"
"BRD-K16664969","GTP-14564"
"BRD-K82983861","GW-0742"
"BRD-K71534238","GW-9508"
"BRD-K24240364","GYKI-52466"
"BRD-A97730597","hexylcaine"
"BRD-A77722753","hydralazine"
"BRD-K33308633","INCA-6"
"BRD-K60038276","irbesartan"
"BRD-K16444452","ibudilast"
"BRD-K64670467","JNJ-16259685"
"BRD-K05464208","JX-401"
"BRD-K89402695","L-655240"
"BRD-A93206962","L-755507"
"BRD-A42553870","L-152804"
"BRD-K83322645","L-693403"
"BRD-K18816859","L-694247"
"BRD-K93460210","lamotrigine"
"BRD-K33453211","levocabastine"
"BRD-K20655524","mefexamide"
"BRD-A14395271","mesoridazine"
"BRD-A14798026","mestranol"
"BRD-K75641298","metoclopramide"
"BRD-K09859624","methantheline"
"BRD-K34441861","moexipril"
"BRD-K77771411","moxonidine"
"BRD-A92651262","nalbuphine"
"BRD-K61177364","NBI-27914"
"BRD-A85025557","NCS-382"
"BRD-K05181084","NGB-2904"
"BRD-K73589491","nizatidine"
"BRD-A50928468","norgestrel"
"BRD-A97454584","nadolol"
"BRD-K46652470","nizatidine"
"BRD-K15567136","papaverine"
"BRD-A63836183","PD-123319"
"BRD-K62810658","PD-98059"
"BRD-K95435023","PHA-665752"
"BRD-K25650355","physostigmine"
"BRD-K95237249","probenecid"
"BRD-K67277431","picotamide"
"BRD-K60511616","pravastatin"
"BRD-K39356024","pregnenolone"
"BRD-K13032584","procarbazine"
"BRD-K79116891","proxymetacaine"
"BRD-K18250272","propoxycaine"
"BRD-A59174698","ritodrine"
"BRD-K50018155","RS-67506"
"BRD-K04111260","raclopride"
"BRD-K54094468","remoxipride"
"BRD-K53857191","risperidone"
"BRD-K82823076","RO-15-4513"
"BRD-K88871508","lisuride"
"BRD-K19284129","salvinorin-a"
"BRD-K83637872","SANT-1"
"BRD-K61097567","SB-218795"
"BRD-K35629949","SR-27897"
"BRD-K19309090","SR-95639A"
"BRD-K18905250","ST-91"
"BRD-K63504947","semaxanib"
"BRD-K89923877","scopolamine"
"BRD-A93255169","thalidomide"
"BRD-K32164935","tolazamide"
"BRD-K51033547","tramadol"
"BRD-K53220666","trimetozine"
"BRD-K54790157","trioxsalen"
"BRD-A56012032","thiorphan"
"BRD-K68264559","brimonidine"
"BRD-K13926615","vardenafil"
"BRD-A19374631","vinpocetine"
"BRD-A20968261","WAY-213613"
"BRD-K42679050","Y-27152"
"BRD-K59650319","YM-298198"
"BRD-K12932420","YM-976"
"BRD-A87445400","yohimbine"
"BRD-A51410489","yohimbine"
"BRD-K11373525","ZD-7155"
"BRD-K45401373","betulinic-acid"
"BRD-K54708045","nTZDpa"
"BRD-K91699951","benzonatate"
"BRD-K13819402","desoxypeganine"
"BRD-K15834839","lobendazole"
"BRD-K75699339","rizatriptan"
"BRD-K82562631","tolmetin"
"BRD-A74667430","etodolac"
"BRD-A10903566","imiloxan"
"BRD-A94669766","naringenin"
"BRD-K49027941","PSB-1115"
"BRD-K62929068","6-benzylaminopurine"
"BRD-A15034104","bergenin"
"BRD-K46424862","hymecromone"
"BRD-A37541666","naloxone"
"BRD-K46211610","tolazoline"
"BRD-A06304526","alvespimycin"
"BRD-K43797669","genistein"
"BRD-A61304759","tanespimycin"
"BRD-K71879491","tretinoin"
"BRD-K41260949","valproic-acid"
"BRD-A28318179","aminomethyltransferase"
"BRD-K53523901","arctigenin"
"BRD-A42571354","cetirizine"
"BRD-K12765235","carbenoxolone"
"BRD-A39969961","eplerenone"
"BRD-K30990140","FR-122047"
"BRD-K17705806","JTC-801"
"BRD-K52721684","PCO-400"
"BRD-K28115081","apafant"
"BRD-A13084692","troglitazone"
"BRD-A91699651","chloroquine"
"BRD-K72166146","dihydroergotamine"
"BRD-K26573499","DMAB-anabaseine"
"BRD-K03981224","ethisterone"
"BRD-K25394294","oxaprozin"
"BRD-K72222507","quinapril"
"BRD-K04414442","SB-222200"
"BRD-A69917777","aminopentamide"
"BRD-K97061094","azacyclonol"
"BRD-A91008255","bepridil"
"BRD-A58157837","butabindide"
"BRD-K15522385","cinanserin"
"BRD-A49358627","ciprofibrate"
"BRD-K94920105","DR-2313"
"BRD-A84205515","estriol"
"BRD-K74195153","irsogladine"
"BRD-A74269027","isoxsuprine"
"BRD-K53878242","MMPX"
"BRD-K91301684","noscapine"
"BRD-A23072235","pheniramine"
"BRD-K76568384","PHTPP"
"BRD-A58207013","pinacidil"
"BRD-A41304429","practolol"
"BRD-K56047318","RHC-80267"
"BRD-K55468218","spiperone"
"BRD-A14566392","scopolamine"
"BRD-K25186396","tangeritin"
"BRD-A46393198","tetramisole"
"BRD-K02607075","tubocurarine"
"BRD-K06854232","AM-580"
"BRD-K91315211","betahistine"
"BRD-A15435692","BMY-14802"
"BRD-K84266862","BRL-50481"
"BRD-A34706053","CGP-12177"
"BRD-A41250306","cyclopenthiazide"
"BRD-K32526544","DCEBIO"
"BRD-K76133116","benzydamine"
"BRD-K33459542","ditolylguanidine"
"BRD-K78959463","FPL-64176"
"BRD-K79124250","ioxaglic-acid"
"BRD-K74284736","L-689560"
"BRD-K05528470","L-745870"
"BRD-K96670504","lonidamine"
"BRD-A02710418","meptazinol"
"BRD-K23566484","nilutamide"
"BRD-A87719232","naproxen"
"BRD-A95696066","nisoxetine"
"BRD-K16551401","PNU-22394"
"BRD-A71816415","pravastatin"
"BRD-K82255054","propofol"
"BRD-K46142322","RS-67333"
"BRD-A31007383","SDZ-WAG-994"
"BRD-K92049597","triamterene"
"BRD-A82329351","cycloheximide"
"BRD-K09635314","M-3M3FBS"
"BRD-K36965586","m-chlorophenylbiguanide"
"BRD-K50590187","capsaicin"
"BRD-A12409803","orteronel"
"BRD-A36630025","SN-38"
"BRD-K25737009","CD-1530"
"BRD-K28907958","CD-437"
"BRD-K41859756","NVP-AUY922"
"BRD-K60219430","serdemetan"
"BRD-K81473043","tanespimycin"
"BRD-K01868942","RS-23597-190"
"BRD-K49371609","PIK-75"
"BRD-K00615600","AG-14361"
"BRD-K04623885","BIBR-1532"
"BRD-M86331534","pyrvinium-pamoate"
"BRD-K02950022","BMS-299897"
"BRD-K34581968","BMS-536924"
"BRD-K13049116","BMS-754807"
"BRD-K92241597","tosedostat"
"BRD-K23363278","CYT-997"
"BRD-A84045418","calpeptin"
"BRD-K74402642","NSC-632839"
"BRD-K08845546","tacrolimus"
"BRD-A58955223","sulforaphane"
"BRD-K78513633","lonidamine"
"BRD-K16406336","methylene-blue"
"BRD-A70155556","lovastatin"
"BRD-A12230535","nutlin-3"
"BRD-K56700933","phenethyl-isothiocyanate"
"BRD-A19633847","perhexiline"
"BRD-K30707190","PNU-74654"
"BRD-K81651477","parthenolide"
"BRD-A23770159","sirolimus"
"BRD-K76703230","YM-155"
"BRD-K73789395","ZM-336372"
"BRD-U88459701","atorvastatin"
"BRD-A79465854","auranofin"
"BRD-K74148702","curcumin"
"BRD-A70449690","forskolin"
"BRD-K15108141","gemcitabine"
"BRD-A62025033","temsirolimus"
"BRD-A34817987","itraconazole"
"BRD-A56359832","zileuton"
"BRD-K04430056","7-nitroindazole"
"BRD-K25690923","4-iodo-6-phenylpyrimidine"
"BRD-K26657438","imiquimod"
"BRD-K58550667","FK-866"
"BRD-K27316855","calcitriol"
"BRD-K08703257","3-amino-benzamide"
"BRD-K82818427","batimastat"
"BRD-K69690935","curcumin"
"BRD-A35108200","dexamethasone"
"BRD-K32405725","etomoxir"
"BRD-K76964878","EX-527"
"BRD-K18849474","dalcetrapib"
"BRD-K55395145","pemetrexed"
"BRD-A17883755","lenalidomide"
"BRD-A04352665","maraviroc"
"BRD-K56851771","enzalutamide"
"BRD-K83354763","NFKB-activation-inhibitor-II"
"BRD-K68997413","PF-3845"
"BRD-K59597909","phenothiazine"
"BRD-U94846492","quinine"
"BRD-K80738081","resveratrol"
"BRD-K64634304","tretinoin"
"BRD-K40853697","STAT3-inhibitor-VI"
"BRD-K55966568","orantinib"
"BRD-K50128260","sildenafil"
"BRD-K32107296","temozolomide"
"BRD-K63195589","tipifarnib"
"BRD-A47829399","artesunate"
"BRD-A25004090","erastin"
"BRD-A01145011","zebularine"
"BRD-K01638814","rilmenidine"
"BRD-K93095519","SJ-172550"
"BRD-K87142802","veliparib"
"BRD-A46335897","promethazine"
"BRD-K00317371","RITA"
"BRD-K45446451","JZL-184"
"BRD-K53545112","CNQX"
"BRD-K59163477","cisapride"
"BRD-A71157293","fursultiamine"
"BRD-A47065382","huperzine-a"
"BRD-K88172511","naltrexone"
"BRD-A43974575","tranylcypromine"
"BRD-K03067624","emetine"
"BRD-K32318651","acyclovir"
"BRD-A10070317","propranolol"
"BRD-K11717138","benzbromarone"
"BRD-K68756823","FR-180204"
"BRD-K30649484","mafenide"
"BRD-A25234499","aminoglutethimide"
"BRD-K74501079","azithromycin"
"BRD-A67981824","cefotaxime"
"BRD-A74980173","gatifloxacin"
"BRD-K35240538","methylprednisolone"
"BRD-K28346421","rifapentine"
"BRD-K43149758","myricetin"
"BRD-A81233518","glycopyrrolate"
"BRD-A96255180","ribavirin"
"BRD-K05673000","dicloxacillin"
"BRD-A74500471","ethambutol"
"BRD-K87024524","phenelzine"
"BRD-K55703048","latrepirdine"
"BRD-A22256192","terazosin"
"BRD-K02992638","lamivudine"
"BRD-K89237706","noscapine"
"BRD-K11663430","pyroxamide"
"BRD-K13810148","givinostat"
"BRD-K26818574","BIX-01294"
"BRD-K33106058","cytarabine"
"BRD-K37798499","etoposide"
"BRD-A66395008","parthenolide"
"BRD-K28849549","mesalazine"
"BRD-K89626439","sirolimus"
"BRD-K72238567","fludarabine"
"BRD-K82357231","desloratadine"
"BRD-K79254416","decitabine"
"BRD-K15402119","huperzine-a"
"BRD-K28120222","parthenolide"
"BRD-K66175015","afatinib"
"BRD-M07438658","lapatinib"
"BRD-K05926469","lenalidomide"
"BRD-K49865102","PD-0325901"
"BRD-K23984367","sorafenib"
"BRD-K15600710","obatoclax"
"BRD-A13807286","HA-14-1"
"BRD-K24681473","YM-155"
"BRD-K51967704","BIIB021"
"BRD-K17210248","daunorubicin"
"BRD-K11636097","JNJ-7706621"
"BRD-K56334280","amonafide"
"BRD-A59985574","topotecan"
"BRD-A20697603","thiostrepton"
"BRD-K33483813","actarit"
"BRD-K46742498","alosetron"
"BRD-K55462201","AM-404"
"BRD-A64297288","amlodipine"
"BRD-K79759031","artesunate"
"BRD-A68888262","azelastine"
"BRD-A35519318","benidipine"
"BRD-K31471398","dihydrexidine"
"BRD-K68077509","brucine"
"BRD-K16336526","capsaicin"
"BRD-K49668410","clarithromycin"
"BRD-K56614220","clofazimine"
"BRD-K70578146","dactinomycin"
"BRD-K73109821","diazoxide"
"BRD-K51730347","diphencyprone"
"BRD-K63265447","docetaxel"
"BRD-K40758068","efavirenz"
"BRD-K99447003","enalaprilat"
"BRD-K33425534","exemestane"
"BRD-K86003836","flubendazole"
"BRD-K10860596","granisetron"
"BRD-A24643465","homoharringtonine"
"BRD-K98493452","honokiol"
"BRD-K45888792","huperzine-a"
"BRD-K69650333","idarubicin"
"BRD-K37516142","idebenone"
"BRD-K01649396","indatraline"
"BRD-K33226500","indinavir"
"BRD-K30097969","pitavastatin"
"BRD-K22227508","targinine"
"BRD-A52282606","lacidipine"
"BRD-K09471561","levofloxacin"
"BRD-K66876909","linezolid"
"BRD-K82795137","loratadine"
"BRD-A43082555","loxoprofen"
"BRD-K91938660","memantine"
"BRD-K84036904","testosterone"
"BRD-A39052811","mosapride"
"BRD-A71262238","nafadotride"
"BRD-A01787639","naftopidil"
"BRD-K28912512","nicotinamide"
"BRD-A96107863","nisoldipine"
"BRD-A23637604","oxymetholone"
"BRD-A39390670","rabeprazole"
"BRD-K30563334","rifabutin"
"BRD-K70490179","rimcazole"
"BRD-A23359898","sibutramine"
"BRD-K44094599","tacrolimus"
"BRD-K94649603","taxifolin"
"BRD-K95808480","taxifolin"
"BRD-K21806131","tegaserod"
"BRD-K32744045","disulfiram"
"BRD-K55696337","topotecan"
"BRD-K17849083","tranilast"
"BRD-K68202742","trichostatin-a"
"BRD-K81916719","triclabendazole"
"BRD-K39484304","triptolide"
"BRD-K82109576","vincristine"
"BRD-K59753975","vindesine"
"BRD-K97514127","vinorelbine"
"BRD-K44876623","zolpidem"
"BRD-K28143534","cyproheptadine"
"BRD-K07237224","moclobemide"
"BRD-K47761761","PD-168077"
"BRD-K47832606","floxuridine"
"BRD-A25569250","KI-16425"
"BRD-K19416115","sitagliptin"
"BRD-A16444946","acarbose"
"BRD-K70358946","aripiprazole"
"BRD-K39621635","artemether"
"BRD-K19462402","buflomedil"
"BRD-K11630072","carmofur"
"BRD-K52735702","cefdinir"
"BRD-K04993501","cefixime"
"BRD-K73589401","corticosterone"
"BRD-K30697463","desoximetasone"
"BRD-K86887724","dofetilide"
"BRD-K28029915","dolasetron"
"BRD-K29359156","ebselen"
"BRD-A69927616","isradipine"
"BRD-K49404994","levetiracetam"
"BRD-K51671335","sulpiride"
"BRD-K62858456","lomerizine"
"BRD-K66198023","losartan"
"BRD-K39983086","loteprednol"
"BRD-K99615199","medroxyprogesterone"
"BRD-K52020312","metronidazole"
"BRD-K66615216","moxifloxacin"
"BRD-A16934955","nalbuphine"
"BRD-A47342814","naltrindole"
"BRD-K74117820","nelfinavir"
"BRD-K12102668","nialamide"
"BRD-A30977374","nifedipine"
"BRD-K32311154","nifekalant"
"BRD-K96471533","nitazoxanide"
"BRD-A24543851","nornicotine"
"BRD-K63343048","orlistat"
"BRD-K85503079","perospirone"
"BRD-K06388322","pramipexole"
"BRD-K92870997","pterostilbene"
"BRD-K55889443","rifapentine"
"BRD-K09397065","SR-57227A"
"BRD-K29653726","topiramate"
"BRD-K04196797","oxcarbazepine"
"BRD-K50866992","tropisetron"
"BRD-K06557128","voriconazole"
"BRD-K94144010","cotinine"
"BRD-A70083328","secnidazole"
"BRD-K06878038","deferiprone"
"BRD-K00656370","6-aminochrysene"
"BRD-A19248578","latrunculin-b"
"BRD-K18855837","varenicline"
"BRD-K29905972","axitinib"
"BRD-K89162000","tandutinib"
"BRD-K42125900","docetaxel"
"BRD-K71512533","SNS-314"
"BRD-K31553034","zibotentan"
"BRD-K29530284","amlexanox"
"BRD-A48261811","argatroban"
"BRD-A75935363","atracurium"
"BRD-A04553218","chlorphenamine"
"BRD-K15916496","clotrimazole"
"BRD-K42260897","ezetimibe"
"BRD-K00673382","famotidine"
"BRD-K49481516","galantamine"
"BRD-K34776109","glimepiride"
"BRD-K93618743","ipriflavone"
"BRD-K59456551","methotrexate"
"BRD-K82147103","lofepramine"
"BRD-A11990600","lorazepam"
"BRD-K02227374","milnacipran"
"BRD-K04710043","hexamethylenebisacetamide"
"BRD-K23369905","oxiconazole"
"BRD-A67552655","etomoxir"
"BRD-A84134924","pancuronium"
"BRD-K19277754","paroxetine"
"BRD-A37052580","physostigmine"
"BRD-K89348303","ramipril"
"BRD-K20482099","rutin"
"BRD-K10670311","sulfasalazine"
"BRD-K68132782","terbinafine"
"BRD-A45664787","iloprost"
"BRD-K72703948","ZM-447439"
"BRD-K82164249","andarine"
"BRD-K76600340","nicotinyl-alcohol-tartrate"
"BRD-K49372556","mofezolac"
"BRD-K14550461","doxercalciferol"
"BRD-K61192372","capecitabine"
"BRD-K05658747","raltegravir"
"BRD-A87387433","cefpodoxime"
"BRD-A24191444","ifenprodil"
"BRD-K59197931","naproxen"
"BRD-A24891640","nimodipine"
"BRD-K67637637","olopatadine"
"BRD-K60160658","tiagabine"
"BRD-A41450521","tosufloxacin"
"BRD-K46435977","valaciclovir"
"BRD-K20168442","vecuronium"
"BRD-K50938786","ropivacaine"
"BRD-K04412738","tramadol"
"BRD-K61993165","niacin"
"BRD-K64785675","TG100-115"
"BRD-K62982419","cilomilast"
"BRD-K52172416","anastrozole"
"BRD-K59570838","homoveratrylamine"
"BRD-A72441487","stiripentol"
"BRD-K10467831","tibolone"
"BRD-K08924299","palonosetron"
"BRD-K50938287","sumatriptan"
"BRD-A04327189","synephrine"
"BRD-A02759312","betaxolol"
"BRD-A56892734","esomeprazole"
"BRD-K31534764","fluvoxamine"
"BRD-K69470111","montelukast"
"BRD-K13800121","parecoxib"
"BRD-K47780086","penciclovir"
"BRD-K62374253","rufloxacin"
"BRD-A68589262","troxipide"
"BRD-A65615053","zacopride"
"BRD-K20338176","cefaclor"
"BRD-K39462424","dexchlorpheniramine"
"BRD-A03216249","mepivacaine"
"BRD-A22897758","pinacidil"
"BRD-K89125793","tinidazole"
"BRD-K54006094","formoterol"
"BRD-A27489425","rolitetracycline"
"BRD-K29113274","ketoconazole"
"BRD-A42423104","benproperine"
"BRD-K85518562","cilastatin"
"BRD-K10961822","latanoprost"
"BRD-K66412701","pazufloxacin"
"BRD-K52080565","rilmenidine"
"BRD-K82143716","flucytosine"
"BRD-K49807096","benazepril"
"BRD-A49172652","lansoprazole"
"BRD-K27184429","levocetirizine"
"BRD-K55034111","pefloxacin"
"BRD-K89708791","rifaximin"
"BRD-K86434416","selegiline"
"BRD-A94543220","bifonazole"
"BRD-K44779798","miglitol"
"BRD-K54316499","tolterodine"
"BRD-K73196317","urapidil"
"BRD-K71289571","zafirlukast"
"BRD-A34751532","homosalate"
"BRD-A62035778","scopolamine"
"BRD-A83081521","finasteride"
"BRD-K37848908","ceforanide"
"BRD-K40902647","vincamine"
"BRD-K41160163","fenobam"
"BRD-K56957086","dacinostat"
"BRD-K79684402","RO-10-5824"
"BRD-K84658672","nateglinide"
"BRD-K85119730","tolbutamide"
"BRD-K89375097","pirenzepine"
"BRD-K90333595","phentolamine"
"BRD-K63915849","AS-604850"
"BRD-K31484631","rifabutin"
"BRD-K22631935","neurodazine"
"BRD-K14880289","GW-501516"
"BRD-K91701654","U-0126"
"BRD-A84327315","calcitriol"
"BRD-K61341215","vecuronium"
"BRD-K84937637","sirolimus"
"BRD-K01493881","apigenin"
"BRD-A52886023","antimycin-a"
"BRD-A50454580","PD-0325901"
"BRD-K73982490","BI-78D3"
"BRD-K13927029","retinol"
"BRD-K43164539","cholic-acid"
"BRD-K41170226","deoxycholic-acid"
"BRD-K18135438","chenodeoxycholic-acid"
"BRD-K43880410","pregnenolone"
"BRD-K77625572","etomoxir"
"BRD-K99291625","SB-203580"
"BRD-A11706664","triciribine"
"BRD-K50720187","flupirtine"
"BRD-K79437791","acetyl-farnesyl-cysteine"
"BRD-K98684188","GSK-0660"
"BRD-K49685476","TTNPB"
"BRD-K62012036","acitretin"
"BRD-K26674531","GR-235"
"BRD-K89085489","fenretinide"
"BRD-K70401845","erlotinib"
"BRD-A06390036","hydroquinidine"
"BRD-K23192422","lestaurtinib"
"BRD-K99451608","lopinavir"
"BRD-A00100033","nifurtimox"
"BRD-K36529613","PU-H71"
"BRD-K83794624","pirarubicin"
"BRD-K60460488","nelfinavir"
"BRD-K77286328","reversine"
"BRD-K93331255","lypressin"
"BRD-K99964838","bosutinib"
"BRD-K86930074","cediranib"
"BRD-K85402309","dovitinib"
"BRD-K02965346","SU-11274"
"BRD-K28428262","brivanib"
"BRD-K67578145","GDC-0879"
"BRD-K95901403","XL-147"
"BRD-K13514097","everolimus"
"BRD-K16485616","mocetinostat"
"BRD-K73293050","WZ-3146"
"BRD-K17306061","aprepitant"
"BRD-M16762496","PIK-75"
"BRD-K99260425","etodolac"
"BRD-K91696562","orantinib"
"BRD-K89014967","AS-703026"
"BRD-K70557564","zosuquidar"
"BRD-K48722833","iloperidone"
"BRD-K10916986","vinorelbine"
"BRD-K54472332","elvitegravir"
"BRD-M72442222","vicriviroc"
"BRD-K37130656","rivaroxaban"
"BRD-K66956375","oleoylethanolamide"
"BRD-K15891719","tenofovir"
"BRD-U97083655","teicoplanin"
"BRD-K25991148","warfarin"
"BRD-M30523314","vinorelbine"
"BRD-K29582115","ziprasidone"
"BRD-A63667919","methylergometrine"
"BRD-K22429181","retinol"
"BRD-K20986251","lithocholic-acid"
"BRD-K38775274","dexamethasone"
"BRD-K28178212","GW-441756"
"BRD-K73838513","cinacalcet"
"BRD-K07736136","VX-702"
"BRD-A41722204","sulmazole"
"BRD-A42167015","carteolol"
"BRD-K06147391","telenzepine"
"BRD-K42221274","NNC-711"
"BRD-K92760278","riboflavin"
"BRD-K93332168","isocarboxazid"
"BRD-K96319534","phentermine"
"BRD-K14681867","somatostatin"
"BRD-A31374339","fludarabine"
"BRD-K47539947","tetradecylthioacetic-acid"
"BRD-K46212057","voriconazole"
"BRD-K84639753","safinamide"
"BRD-K81783531","VX-222"
"BRD-K36627727","tamibarotene"
"BRD-K18574842","nafcillin"
"BRD-K81839095","estrone"
"BRD-A00546892","biperiden"
"BRD-K87905482","anandamide"
"BRD-A96456596","FPL-55712"
"BRD-K96862998","pirfenidone"
"BRD-K65261396","tacrolimus"
"BRD-K15868788","SDZ-205-557"
"BRD-A20589515","dihydroxyphenylglycine"
"BRD-A29731977","17-hydroxyprogesterone-caproate"
"BRD-A62890442","3-methyl-GABA"
"BRD-K02275692","cefotiam"
"BRD-K11107424","tiotidine"
"BRD-K41567364","SB-334867"
"BRD-K67977190","eprosartan"
"BRD-K93433262","alfacalcidol"
"BRD-K72093121","vidarabine"
"BRD-A51182606","chloramphenicol"
"BRD-A75144621","digoxin"
"BRD-K93568044","hydrocortisone"
"BRD-K69688083","mestinon"
"BRD-K82381502","acetylcholine"
"BRD-K15262564","mupirocin"
"BRD-A07765530","epinephrine"
"BRD-A21723284","naltriben"
"BRD-A49906757","scopolamine"
"BRD-A68281735","REV-5901"
"BRD-A95696820","acadesine"
"BRD-K08998509","fananserin"
"BRD-K18678457","ZD-7288"
"BRD-K31491153","1-phenylbiguanide"
"BRD-K31920458","mestranol"
"BRD-K43860855","iobenguane"
"BRD-K68620903","dydrogesterone"
"BRD-K98763141","niflumic-acid"
"BRD-K99174507","cardiogenol-c"
"BRD-A16478930","amcinonide"
"BRD-K55044200","amoxicillin"
"BRD-A16754160","ampicillin"
"BRD-K73978287","hydrocortisone"
"BRD-K82216340","medroxyprogesterone"
"BRD-A79803969","memantine"
"BRD-K13356952","methazolamide"
"BRD-K90885812","propantheline"
"BRD-K15196155","IBC-293"
"BRD-K15519488","CS-110266"
"BRD-K04046242","equilin"
"BRD-K14807180","SB-221284"
"BRD-A03323675","ritonavir"
"BRD-K51418664","mitomycin-c"
"BRD-K74763371","bosentan"
"BRD-K87555556","amiodarone"
"BRD-K88568253","iproniazid"
"BRD-K62363391","dapsone"
"BRD-A13188892","doxazosin"
"BRD-K81128206","edrophonium"
"BRD-A44827100","erythromycin"
"BRD-K21317336","phentolamine"
"BRD-K86873305","piperacillin"
"BRD-K28667793","pyrazinamide"
"BRD-A15493168","tetracycline"
"BRD-K97799481","theophylline"
"BRD-A14792000","valsartan"
"BRD-K35458079","edaravone"
"BRD-K47679368","bromfenac"
"BRD-K79602928","metformin"
"BRD-K96037667","norethindrone"
"BRD-K22662435","ganciclovir"
"BRD-A65013509","oxybutynin"
"BRD-K08806317","timolol"
"BRD-A13946108","sulindac"
"BRD-A32164164","methyllycaconitine"
"BRD-K04185004","oxybuprocaine"
"BRD-K08640512","RS-100329"
"BRD-M62162320","rilmenidine"
"BRD-A20527803","IB-MECA"
"BRD-K09900591","caffeic-acid"
"BRD-K36638830","anabasine"
"BRD-K39965020","doconexent"
"BRD-K83636919","entacapone"
"BRD-K88701661","dimercaptosuccinic-acid"
"BRD-M41783010","acamprosate"
"BRD-K54529596","captopril"
"BRD-A99833829","bethanechol"
"BRD-K17008822","BD-1008"
"BRD-K60690191","MPEP"
"BRD-K85767870","adenosine-phosphate"
"BRD-K60907894","adiphenine"
"BRD-A96407378","allantoin"
"BRD-K37249724","astemizole"
"BRD-A17462676","bambuterol"
"BRD-A22305049","benfluorex"
"BRD-K28542495","benzydamine"
"BRD-K37890730","camptothecin"
"BRD-A39210489","chlortetracycline"
"BRD-K04804440","ciprofloxacin"
"BRD-A75726477","clenbuterol"
"BRD-K91328526","clomifene"
"BRD-K00259736","colchicine"
"BRD-K21401044","danazol"
"BRD-A30693873","diperodon"
"BRD-K72259270","dyclonine"
"BRD-K37208476","ethisterone"
"BRD-A25619068","fadrozole"
"BRD-A32988684","heptaminol"
"BRD-K76634210","idoxuridine"
"BRD-K24652731","ivermectin"
"BRD-K08327065","kanamycin"
"BRD-A55469827","mephenesin"
"BRD-K96253961","metaraminol"
"BRD-A07932845","metitepine"
"BRD-K82481048","prednisolone"
"BRD-K58265391","meticrane"
"BRD-K74820615","morantel"
"BRD-K24559712","norethindrone"
"BRD-K11196887","norfloxacin"
"BRD-M41106164","oxantel"
"BRD-A44863528","proglumide"
"BRD-K67919934","spironolactone"
"BRD-K21520694","sulfacetamide"
"BRD-K45086103","sulfaguanidine"
"BRD-M79902621","terbutaline"
"BRD-K75649340","tioguanine"
"BRD-K38310698","troleandomycin"
"BRD-K08356259","xylometazoline"
"BRD-K16542329","zaprinast"
"BRD-A80638690","floxuridine"
"BRD-A77291778","cyclopentolate"
"BRD-K90699611","acitretin"
"BRD-K86284654","alfacalcidol"
"BRD-A67709388","antimycin-a"
"BRD-K52827117","aprepitant"
"BRD-K57875380","asenapine"
"BRD-K72723676","benzethonium"
"BRD-K75466013","benzocaine"
"BRD-K36660044","bufexamac"
"BRD-K96390176","calcipotriol"
"BRD-K48470486","cefmetazole"
"BRD-K76018977","cefotaxime"
"BRD-K56483981","chicago-sky-blue-6b"
"BRD-A57133233","chlorcyclizine"
"BRD-K88682005","chlorothiazide"
"BRD-K27062708","chlorotrianisene"
"BRD-K81091703","chlorprothixene"
"BRD-K13044802","ciclopirox"
"BRD-A43809092","clobutinol"
"BRD-K15567837","clopamide"
"BRD-A80908310","cloperastine"
"BRD-K97521363","clorsulon"
"BRD-K23933163","cloxacillin"
"BRD-A31836915","cyanocobalamin"
"BRD-K03222093","cyclosporin-a"
"BRD-K77685957","dequalinium"
"BRD-K82236179","dicoumarol"
"BRD-K55106630","dienestrol"
"BRD-K92923799","digitoxigenin"
"BRD-K40476324","digoxin"
"BRD-M90449146","dinoprost"
"BRD-K94436377","diosmin"
"BRD-K76812510","metamizole"
"BRD-K11439261","dydrogesterone"
"BRD-K96042922","etanidazole"
"BRD-K51207550","ethionamide"
"BRD-A99633051","ethosuximide"
"BRD-K83064458","etofylline"
"BRD-A37942872","eucatropine"
"BRD-K93923542","exemestane"
"BRD-A08255417","famprofazone"
"BRD-A71033472","fendiline"
"BRD-A66284731","fenipentol"
"BRD-K16077845","fentiazac"
"BRD-K18674849","flunisolide"
"BRD-K47036706","fluocinonide"
"BRD-A17828570","fulvestrant"
"BRD-A35713041","furaltadone"
"BRD-K13238168","haloprogin"
"BRD-A01078468","hexestrol"
"BRD-K13078532","hydrochlorothiazide"
"BRD-A99117172","hydroxychloroquine"
"BRD-M56587789","ibutilide"
"BRD-K80353807","khellin"
"BRD-K36760124","lanatoside-c"
"BRD-A02990301","lofexidine"
"BRD-K28935038","loracarbef"
"BRD-K17113870","lovastatin"
"BRD-K10314788","meclofenoxate"
"BRD-A21072306","merbromin"
"BRD-K54416256","methimazole"
"BRD-K32403583","mevastatin"
"BRD-K44094313","mifepristone"
"BRD-K92310201","mometasone"
"BRD-K57291914","moroxydine"
"BRD-A57957888","citiolone"
"BRD-K26104851","nifuroxazide"
"BRD-K43786866","opipramol"
"BRD-K43544024","oxandrolone"
"BRD-A22740840","oxytetracycline"
"BRD-K86858124","paclitaxel"
"BRD-K04949373","parthenolide"
"BRD-K13183738","pentamidine"
"BRD-K88090157","pimethixene"
"BRD-K39397585","piperacillin"
"BRD-K60507178","podophyllotoxin"
"BRD-A64610707","pranoprofen"
"BRD-A10662413","prenylamine"
"BRD-K24616672","procaine"
"BRD-K47244735","progesterone"
"BRD-K14349461","pyridoxine"
"BRD-K81601344","rifapentine"
"BRD-K69116396","sertindole"
"BRD-K93524252","sulfamerazine"
"BRD-A42270467","tenatoprazole"
"BRD-K79711234","thiamphenicol"
"BRD-A52627843","thiostrepton"
"BRD-K15014948","tranexamic-acid"
"BRD-A07893380","vigabatrin"
"BRD-K92657060","zaleplon"
"BRD-K72903603","zidovudine"
"BRD-K91601245","mercaptopurine"
"BRD-K18316707","O-1918"
"BRD-A31312900","montelukast"
"BRD-A64479082","quinidine"
"BRD-K67563174","acemetacin"
"BRD-A55424491","methotrexate"
"BRD-K49759007","phenazone"
"BRD-K12437696","aztreonam"
"BRD-K00835182","dexamethasone"
"BRD-K20075662","betazole"
"BRD-K23204545","busulfan"
"BRD-K15744901","catharanthine"
"BRD-A20348246","chlormezanone"
"BRD-K73251053","clorgiline"
"BRD-K99121711","cinchocaine"
"BRD-K99063460","didanosine"
"BRD-M19787235","dihydroergotamine"
"BRD-M15413738","dihydrostreptomycin"
"BRD-A29349577","dropropizine"
"BRD-K46503544","etoposide"
"BRD-A37444045","hydralazine"
"BRD-K39330046","hyoscyamine"
"BRD-K52431530","josamycin"
"BRD-K34730807","levodopa"
"BRD-K67966701","lisinopril"
"BRD-K48578705","methyldopa"
"BRD-A41020680","minocycline"
"BRD-K81144366","moxisylyte"
"BRD-K47407372","nifenazone"
"BRD-K73394555","oxolinic-acid"
"BRD-K70504303","prednisolone"
"BRD-K28494619","sulfamethoxazole"
"BRD-K14705039","sulfathiazole"
"BRD-A52997285","tetracycline"
"BRD-K61236135","tiratricol"
"BRD-K68553471","todralazine"
"BRD-K44273375","tolnaftate"
"BRD-A22101059","metrifonate"
"BRD-K94173644","zimelidine"
"BRD-K37814297","acepromazine"
"BRD-A87848830","bimatoprost"
"BRD-A63445921","nicardipine"
"BRD-K63641886","cefuroxime"
"BRD-A31800922","procyclidine"
"BRD-A42383464","actinomycin-d"
"BRD-A02579693","etoposide"
"BRD-K74793820","vincristine"
"BRD-A07106394","tryptophan"
"BRD-K41494493","bisphenol-a"
"BRD-A31158127","calcipotriol"
"BRD-A08200164","melphalan"
"BRD-A16746338","podophyllotoxin"
"BRD-A12832192","streptozotocin"
"BRD-A85648045","vinblastine"
"BRD-K01188359","vinblastine"
"BRD-K60237333","niacin"
"BRD-K63750851","mycophenolic-acid"
"BRD-K96188950","caffeic-acid-phenethyl-ester"
"BRD-K33299843","naproxen"
"BRD-K32681104","2-aminobenzenesulfonamide"
"BRD-A65051990","acenocoumarol"
"BRD-K41524689","paracetamol"
"BRD-M94527406","amantadine"
"BRD-K45995181","auranofin"
"BRD-A11263757","azacitidine"
"BRD-A70182876","azapropazone"
"BRD-K63899271","biotin"
"BRD-K78643075","bromperidol"
"BRD-K90630139","butenafine"
"BRD-K84091759","candesartan"
"BRD-K21815137","cefotiam"
"BRD-K81001086","cefsulodin"
"BRD-K29731656","corticosterone"
"BRD-K79501723","cyclizine"
"BRD-K55113501","digoxigenin"
"BRD-K43687498","dimethadione"
"BRD-K22936972","diphenylpyraline"
"BRD-K15010214","emedastine"
"BRD-K56792340","ethoxyquin"
"BRD-K54770957","etoricoxib"
"BRD-K91740057","felbinac"
"BRD-K39716612","fluvastatin"
"BRD-K05510762","granisetron"
"BRD-K96282009","guaiacol"
"BRD-M34926192","guanadrel"
"BRD-K71451869","halcinonide"
"BRD-K42870217","imipenem"
"BRD-A60217728","iohexol"
"BRD-K31616564","isosorbide"
"BRD-K96740444","itopride"
"BRD-K13688115","medrysone"
"BRD-K28595280","meglumine"
"BRD-A62421304","mepenzolate"
"BRD-K21884483","mizolastine"
"BRD-K11590034","morin"
"BRD-A11132253","nadide"
"BRD-K92193792","nizatidine"
"BRD-K74741811","norgestrel"
"BRD-K85307935","novobiocin"
"BRD-K88538023","oxiconazole"
"BRD-K71075093","pempidine"
"BRD-K08999871","pipemidic-acid"
"BRD-K97045029","pranlukast"
"BRD-K35862502","pregnenolone"
"BRD-K11451237","proscillaridin-a"
"BRD-A15909516","rebamipide"
"BRD-A23801136","rifabutin"
"BRD-K94266545","ronidazole"
"BRD-K08525451","sarafloxacin"
"BRD-K44133266","sulbactam"
"BRD-K59983611","sulfabenzamide"
"BRD-K14116214","sulfamonomethoxine"
"BRD-K41406082","sulfapyridine"
"BRD-K61443650","thiomersal"
"BRD-A72988804","tiaprofenic-acid"
"BRD-A35782587","verteporfin"
"BRD-K99712306","yohimbine"
"BRD-K85925969","zalcitabine"
"BRD-K59058747","acetylcysteine"
"BRD-K45149020","amcinonide"
"BRD-K69726342","atorvastatin"
"BRD-K30618791","docetaxel"
"BRD-A68650781","epitiostanol"
"BRD-K36756879","ethaverine"
"BRD-K59850506","gestrinone"
"BRD-A51964809","halofantrine"
"BRD-K54262262","monobenzone"
"BRD-M08470251","pyrvinium"
"BRD-K60369935","ribavirin"
"BRD-K70158168","saquinavir"
"BRD-K57174586","sertraline"
"BRD-K03243820","trifluridine"
"BRD-K46156294","tyloxapol"
"BRD-A14240607","octopamine"
"BRD-K24473282","isoprenaline"
"BRD-K92830582","propranolol"
"BRD-A80567352","aceclidine"
"BRD-K26171350","adrenosterone"
"BRD-A13711138","alcuronium"
"BRD-K37439386","alfaxalone"
"BRD-K11700078","amiprilose"
"BRD-K39168746","androsterone"
"BRD-K92490248","anethole"
"BRD-A61486721","apramycin"
"BRD-K08037784","arbutin"
"BRD-K45770447","artemisinin"
"BRD-K73437736","azlocillin"
"BRD-A23712469","bacitracin"
"BRD-A61194565","benserazide"
"BRD-K49669424","bretylium"
"BRD-A14652656","bucladesine"
"BRD-K99622919","butacaine"
"BRD-K27217864","butamben"
"BRD-K00885784","canrenone"
"BRD-K75037734","carbachol"
"BRD-K21955335","carbenoxolone"
"BRD-K78712176","carbidopa"
"BRD-K87156652","carbimazole"
"BRD-K63242551","cefadroxil"
"BRD-K03012696","cefdinir"
"BRD-K58662656","cefepime"
"BRD-K06319591","ceforanide"
"BRD-K37187815","cefuroxime"
"BRD-K83257731","chloropyramine"
"BRD-K20920669","cromoglicic-acid"
"BRD-A51294525","cyproterone"
"BRD-K95773607","darifenacin"
"BRD-K96006502","deflazacort"
"BRD-K91511962","desoxycortone"
"BRD-A65797496","deptropine"
"BRD-K58626373","dexfenfluramine"
"BRD-K69122748","diacerein"
"BRD-K17084514","diethylstilbestrol"
"BRD-K23541596","dimaprit"
"BRD-K52756523","dirithromycin"
"BRD-K48617017","dorzolamide"
"BRD-A11776908","enilconazole"
"BRD-K78113049","enoxacin"
"BRD-K92977333","entacapone"
"BRD-K80115247","epiandrosterone"
"BRD-K57943804","equilin"
"BRD-A07395371","esmolol"
"BRD-K69743918","estrone"
"BRD-K71055333","etamsylate"
"BRD-K10481964","mestranol"
"BRD-K37949327","etidronic-acid"
"BRD-K59720958","finasteride"
"BRD-K11298197","florfenicol"
"BRD-A60052764","flucloxacillin"
"BRD-K13027675","fluorometholone"
"BRD-K28687144","fosfosal"
"BRD-K62737565","gabapentin"
"BRD-A61154809","gliclazide"
"BRD-A18605525","hexetidine"
"BRD-A18696154","idazoxan"
"BRD-A67097164","ifosfamide"
"BRD-A08660406","iodixanol"
"BRD-K75868704","iopamidol"
"BRD-A72075775","iopromide"
"BRD-A65818372","ioversol"
"BRD-K34469523","levalbuterol"
"BRD-A54635441","levopropoxyphene"
"BRD-A29854054","lorglumide"
"BRD-K05236810","luteolin"
"BRD-A76229785","lymecycline"
"BRD-A20119038","mecamylamine"
"BRD-K30114692","methenamine"
"BRD-K02764365","methiazole"
"BRD-M45038741","metoprolol"
"BRD-A50310035","misoprostol"
"BRD-K99673372","montelukast"
"BRD-A24397426","nadifloxacin"
"BRD-K43813806","naftifine"
"BRD-K18895904","olanzapine"
"BRD-K37130586","olopatadine"
"BRD-A33749298","oxyphenbutazone"
"BRD-K87210992","pancuronium"
"BRD-A99314711","paromomycin"
"BRD-M30251550","penbutolol"
"BRD-K40621224","pentetic-acid"
"BRD-K86940322","perindopril"
"BRD-K64659768","phthalylsulfathiazole"
"BRD-K37682401","piromidic-acid"
"BRD-K54978501","pivmecillinam"
"BRD-K61327230","pralidoxime"
"BRD-K25841245","pravastatin"
"BRD-K95391106","prednicarbate"
"BRD-K48168960","propylthiouracil"
"BRD-K36116267","pyrithyldione"
"BRD-K44495371","reserpine"
"BRD-K27218697","rimexolone"
"BRD-K10706131","rivastigmine"
"BRD-K22685337","roxarsone"
"BRD-K14036801","roxithromycin"
"BRD-K96659869","spaglumic-acid"
"BRD-K07612980","sparfloxacin"
"BRD-K79199004","stanozolol"
"BRD-K34411947","streptozotocin"
"BRD-K32021043","sulfachlorpyridazine"
"BRD-K55250441","sulfadoxine"
"BRD-K31682896","sulfamethizole"
"BRD-K71133585","sulfaquinoxaline"
"BRD-A34006693","suprofen"
"BRD-K89104321","gaboxadol"
"BRD-K34888156","theobromine"
"BRD-K63874012","thioperamide"
"BRD-K13387373","thonzonium"
"BRD-K30685142","levothyroxine"
"BRD-A80869209","ticarcillin"
"BRD-A30582499","tiletamine"
"BRD-A28940325","trichlormethiazide"
"BRD-A22152765","tridihexethyl"
"BRD-M58473998","alimemazine"
"BRD-K19107160","tylosin"
"BRD-K31374463","vecuronium"
"BRD-A59198242","viloxazine"
"BRD-K88365400","viomycin"
"BRD-K00198051","zuclopenthixol"
"BRD-K44004064","acefylline"
"BRD-A58753560","budesonide"
"BRD-K72542090","clodronic-acid"
"BRD-A19952358","closantel"
"BRD-K35520305","dacarbazine"
"BRD-K73541271","etofenamate"
"BRD-M61246020","fenoprofen"
"BRD-K97530723","melatonin"
"BRD-K55375480","monensin"
"BRD-K47886988","nalidixic-acid"
"BRD-K18922609","neostigmine"
"BRD-A58837096","ribostamycin"
"BRD-K16606819","trimethadione"
"BRD-K70163715","vatalanib"
"BRD-K68633617","ACDPP"
"BRD-K60866521","idelalisib"
"BRD-A42335949","alexidine"
"BRD-A57089740","peruvoside"
"BRD-K59873006","digitoxin"
"BRD-K70555272","oligomycin-a"
"BRD-K82261406","anisomycin"
"BRD-K87112191","PP242"
"BRD-K73368362","BIX-02189"
"BRD-A64242993","lanatoside-c"
"BRD-K80684056","cantharidin"
"BRD-A18929998","cytarabine"
"BRD-A37630846","daunorubicin"
"BRD-K33240821","plerixafor"
"BRD-A58767537","afatinib"
"BRD-K66538826","amuvatinib"
"BRD-K40738845","BMS-777607"
"BRD-K56277358","MGCD-265"
"BRD-A35869383","ibrutinib"
"BRD-K56751279","Y-39983"
"BRD-K25340465","OSI-930"
"BRD-A50364343","veliparib"
"BRD-K39981244","norepinephrine"
"BRD-K47289124","nemonapride"
"BRD-K32814891","reboxetine"
"BRD-K51073125","chlorpromazine"
"BRD-U57440914","lansoprazole"
"BRD-K70327167","suramin"
"BRD-A13982089","ephedrine"
"BRD-A00150179","5-hydroxytryptophan"
"BRD-K33127281","adapalene"
"BRD-K42624714","BML-284"
"BRD-A84228258","brefeldin-a"
"BRD-K01767299","ciproxifan"
"BRD-K58442346","dopamine"
"BRD-A56518012","epirubicin"
"BRD-A79067928","etoposide"
"BRD-K77345217","gallic-acid"
"BRD-K11528507","geldanamycin"
"BRD-K99792991","hexachlorophene"
"BRD-K45528773","M-344"
"BRD-K08807999","NO-ASA"
"BRD-K07103434","pyrvinium"
"BRD-A50287119","sirolimus"
"BRD-K85479953","STF-62247"
"BRD-A23747351","sirtinol"
"BRD-K53597484","TNP-470"
"BRD-K01902415","pirinixic-acid"
"BRD-K41809988","oxidopamine"
"BRD-K76894938","CHIR-99021"
"BRD-K90711641","dopamine"
"BRD-K13296708","rimonabant"
"BRD-A57152259","CGS-21680"
"BRD-K40367460","chlorpromazine"
"BRD-A94494639","chlorpromazine"
"BRD-A20958854","dopamine"
"BRD-K33811357","dopamine"
"BRD-K47029922","tranylcypromine"
"BRD-A47564106","tetrabenazine"
"BRD-A47884604","cyanopindolol"
"BRD-K19669037","GGTI-298"
"BRD-K08229828","mevastatin"
"BRD-K56060837","serotonin"
"BRD-A73908300","EX-527"
"BRD-K40438880","spermidine"
"BRD-U61360806","suramin"
"BRD-K42352790","anandamide"
"BRD-K88186167","GW-4064"
"BRD-K75516118","rolipram"
"BRD-A08027849","deoxycholic-acid"
"BRD-K13005598","foxy-5"
"BRD-K99667445","licochalcone-a"
"BRD-K76525302","sulindac"
"BRD-A81585303","acadesine"
"BRD-A70814879","ABC-294640"
"BRD-K87714311","zebularine"
"BRD-K01228321","cisplatin"
"BRD-K73947551","amifostine"
"BRD-K11153516","iniparib"
"BRD-K50691590","bortezomib"
"BRD-K57569181","pentoxifylline"
"BRD-K07572174","curcumin"
"BRD-A34462049","tigecycline"
"BRD-K09951645","dabrafenib"
"BRD-A03427350","sulindac"
"BRD-U73308409","vemurafenib"
"BRD-A00827783","dyphylline"
"BRD-K49071277","securinine"
"BRD-K57391913","iloprost"
"BRD-A10386413","ascorbic-acid"
"BRD-A73635141","hydrocortisone"
"BRD-A93291428","oxymetholone"
"BRD-A88208128","tetracycline"
